crop_name, crop_url, em_url
385,file:///nrs/cellmap/bennettd/data/crop_tests/jrc_22ak351-leaf-3m.zarr/crop385,file:///nrs/cellmap/data/jrc_22ak351-leaf-3m/jrc_22ak351-leaf-3m.zarr/recon-1/em/fibsem-uint8
234,file:///nrs/cellmap/bennettd/data/crop_tests/jrc_cos7-1a.zarr/crop234,file:///nrs/cellmap/data/jrc_cos7-1a/jrc_cos7-1a.zarr/recon-2/em/fibsem-int16
239,file:///nrs/cellmap/bennettd/data/crop_tests/jrc_cos7-1a.zarr/crop239,file:///nrs/cellmap/data/jrc_cos7-1a/jrc_cos7-1a.zarr/recon-2/em/fibsem-int16
237,file:///nrs/cellmap/bennettd/data/crop_tests/jrc_cos7-1a.zarr/crop237,file:///nrs/cellmap/data/jrc_cos7-1a/jrc_cos7-1a.zarr/recon-2/em/fibsem-int16
236,file:///nrs/cellmap/bennettd/data/crop_tests/jrc_cos7-1a.zarr/crop236,file:///nrs/cellmap/data/jrc_cos7-1a/jrc_cos7-1a.zarr/recon-2/em/fibsem-int16
243,file:///nrs/cellmap/bennettd/data/crop_tests/jrc_cos7-1a.zarr/crop243,file:///nrs/cellmap/data/jrc_cos7-1a/jrc_cos7-1a.zarr/recon-2/em/fibsem-int16
248,file:///nrs/cellmap/bennettd/data/crop_tests/jrc_cos7-1a.zarr/crop248,file:///nrs/cellmap/data/jrc_cos7-1a/jrc_cos7-1a.zarr/recon-2/em/fibsem-int16
247,file:///nrs/cellmap/bennettd/data/crop_tests/jrc_cos7-1a.zarr/crop247,file:///nrs/cellmap/data/jrc_cos7-1a/jrc_cos7-1a.zarr/recon-2/em/fibsem-int16
253,file:///nrs/cellmap/bennettd/data/crop_tests/jrc_cos7-1a.zarr/crop253,file:///nrs/cellmap/data/jrc_cos7-1a/jrc_cos7-1a.zarr/recon-2/em/fibsem-int16
252,file:///nrs/cellmap/bennettd/data/crop_tests/jrc_cos7-1a.zarr/crop252,file:///nrs/cellmap/data/jrc_cos7-1a/jrc_cos7-1a.zarr/recon-2/em/fibsem-int16
254,file:///nrs/cellmap/bennettd/data/crop_tests/jrc_cos7-1a.zarr/crop254,file:///nrs/cellmap/data/jrc_cos7-1a/jrc_cos7-1a.zarr/recon-2/em/fibsem-int16
256,file:///nrs/cellmap/bennettd/data/crop_tests/jrc_cos7-1a.zarr/crop256,file:///nrs/cellmap/data/jrc_cos7-1a/jrc_cos7-1a.zarr/recon-2/em/fibsem-int16
257,file:///nrs/cellmap/bennettd/data/crop_tests/jrc_cos7-1a.zarr/crop257,file:///nrs/cellmap/data/jrc_cos7-1a/jrc_cos7-1a.zarr/recon-2/em/fibsem-int16
292,file:///nrs/cellmap/bennettd/data/crop_tests/jrc_cos7-1a.zarr/crop292,file:///nrs/cellmap/data/jrc_cos7-1a/jrc_cos7-1a.zarr/recon-2/em/fibsem-int16
235,file:///nrs/cellmap/bennettd/data/crop_tests/jrc_cos7-1b.zarr/crop235,file:///nrs/cellmap/data/jrc_cos7-1b/jrc_cos7-1b.zarr/recon-2/em/fibsem-int16
238,file:///nrs/cellmap/bennettd/data/crop_tests/jrc_cos7-1b.zarr/crop238,file:///nrs/cellmap/data/jrc_cos7-1b/jrc_cos7-1b.zarr/recon-2/em/fibsem-int16
242,file:///nrs/cellmap/bennettd/data/crop_tests/jrc_cos7-1b.zarr/crop242,file:///nrs/cellmap/data/jrc_cos7-1b/jrc_cos7-1b.zarr/recon-2/em/fibsem-int16
240,file:///nrs/cellmap/bennettd/data/crop_tests/jrc_cos7-1b.zarr/crop240,file:///nrs/cellmap/data/jrc_cos7-1b/jrc_cos7-1b.zarr/recon-2/em/fibsem-int16
241,file:///nrs/cellmap/bennettd/data/crop_tests/jrc_cos7-1b.zarr/crop241,file:///nrs/cellmap/data/jrc_cos7-1b/jrc_cos7-1b.zarr/recon-2/em/fibsem-int16
245,file:///nrs/cellmap/bennettd/data/crop_tests/jrc_cos7-1b.zarr/crop245,file:///nrs/cellmap/data/jrc_cos7-1b/jrc_cos7-1b.zarr/recon-2/em/fibsem-int16
249,file:///nrs/cellmap/bennettd/data/crop_tests/jrc_cos7-1b.zarr/crop249,file:///nrs/cellmap/data/jrc_cos7-1b/jrc_cos7-1b.zarr/recon-2/em/fibsem-int16
255,file:///nrs/cellmap/bennettd/data/crop_tests/jrc_cos7-1b.zarr/crop255,file:///nrs/cellmap/data/jrc_cos7-1b/jrc_cos7-1b.zarr/recon-2/em/fibsem-int16
259,file:///nrs/cellmap/bennettd/data/crop_tests/jrc_cos7-1b.zarr/crop259,file:///nrs/cellmap/data/jrc_cos7-1b/jrc_cos7-1b.zarr/recon-2/em/fibsem-int16
258,file:///nrs/cellmap/bennettd/data/crop_tests/jrc_cos7-1b.zarr/crop258,file:///nrs/cellmap/data/jrc_cos7-1b/jrc_cos7-1b.zarr/recon-2/em/fibsem-int16
291,file:///nrs/cellmap/bennettd/data/crop_tests/jrc_cos7-1b.zarr/crop291,file:///nrs/cellmap/data/jrc_cos7-1b/jrc_cos7-1b.zarr/recon-2/em/fibsem-int16
116,file:///nrs/cellmap/bennettd/data/crop_tests/jrc_ctl-id8-1.zarr/crop116,file:///nrs/cellmap/data/jrc_ctl-id8-1/jrc_ctl-id8-1.zarr/recon-1/em/fibsem-uint8
117,file:///nrs/cellmap/bennettd/data/crop_tests/jrc_ctl-id8-1.zarr/crop117,file:///nrs/cellmap/data/jrc_ctl-id8-1/jrc_ctl-id8-1.zarr/recon-1/em/fibsem-uint8
119,file:///nrs/cellmap/bennettd/data/crop_tests/jrc_ctl-id8-1.zarr/crop119,file:///nrs/cellmap/data/jrc_ctl-id8-1/jrc_ctl-id8-1.zarr/recon-1/em/fibsem-uint8
118,file:///nrs/cellmap/bennettd/data/crop_tests/jrc_ctl-id8-1.zarr/crop118,file:///nrs/cellmap/data/jrc_ctl-id8-1/jrc_ctl-id8-1.zarr/recon-1/em/fibsem-uint8
130,file:///nrs/cellmap/bennettd/data/crop_tests/jrc_ctl-id8-1.zarr/crop130,file:///nrs/cellmap/data/jrc_ctl-id8-1/jrc_ctl-id8-1.zarr/recon-1/em/fibsem-uint8
78,file:///nrs/cellmap/bennettd/data/crop_tests/jrc_fly-vnc-1.zarr/crop78,file:///nrs/cellmap/data/jrc_fly-vnc-1/jrc_fly-vnc-1.zarr/recon-2/em/fibsem-int16
79,file:///nrs/cellmap/bennettd/data/crop_tests/jrc_fly-vnc-1.zarr/crop79,file:///nrs/cellmap/data/jrc_fly-vnc-1/jrc_fly-vnc-1.zarr/recon-2/em/fibsem-int16
174,file:///nrs/cellmap/bennettd/data/crop_tests/jrc_fly-vnc-1.zarr/crop174,file:///nrs/cellmap/data/jrc_fly-vnc-1/jrc_fly-vnc-1.zarr/recon-2/em/fibsem-int16
173,file:///nrs/cellmap/bennettd/data/crop_tests/jrc_fly-vnc-1.zarr/crop173,file:///nrs/cellmap/data/jrc_fly-vnc-1/jrc_fly-vnc-1.zarr/recon-2/em/fibsem-int16
176,file:///nrs/cellmap/bennettd/data/crop_tests/jrc_fly-vnc-1.zarr/crop176,file:///nrs/cellmap/data/jrc_fly-vnc-1/jrc_fly-vnc-1.zarr/recon-2/em/fibsem-int16
185,file:///nrs/cellmap/bennettd/data/crop_tests/jrc_fly-vnc-1.zarr/crop185,file:///nrs/cellmap/data/jrc_fly-vnc-1/jrc_fly-vnc-1.zarr/recon-2/em/fibsem-int16
1,file:///nrs/cellmap/bennettd/data/crop_tests/jrc_hela-2.zarr/crop1,file:///nrs/cellmap/data/jrc_hela-2/jrc_hela-2.zarr/recon-1/em/fibsem-uint8
3,file:///nrs/cellmap/bennettd/data/crop_tests/jrc_hela-2.zarr/crop3,file:///nrs/cellmap/data/jrc_hela-2/jrc_hela-2.zarr/recon-1/em/fibsem-uint8
4,file:///nrs/cellmap/bennettd/data/crop_tests/jrc_hela-2.zarr/crop4,file:///nrs/cellmap/data/jrc_hela-2/jrc_hela-2.zarr/recon-1/em/fibsem-uint8
6,file:///nrs/cellmap/bennettd/data/crop_tests/jrc_hela-2.zarr/crop6,file:///nrs/cellmap/data/jrc_hela-2/jrc_hela-2.zarr/recon-1/em/fibsem-uint8
7,file:///nrs/cellmap/bennettd/data/crop_tests/jrc_hela-2.zarr/crop7,file:///nrs/cellmap/data/jrc_hela-2/jrc_hela-2.zarr/recon-1/em/fibsem-uint8
8,file:///nrs/cellmap/bennettd/data/crop_tests/jrc_hela-2.zarr/crop8,file:///nrs/cellmap/data/jrc_hela-2/jrc_hela-2.zarr/recon-1/em/fibsem-uint8
9,file:///nrs/cellmap/bennettd/data/crop_tests/jrc_hela-2.zarr/crop9,file:///nrs/cellmap/data/jrc_hela-2/jrc_hela-2.zarr/recon-1/em/fibsem-uint8
13,file:///nrs/cellmap/bennettd/data/crop_tests/jrc_hela-2.zarr/crop13,file:///nrs/cellmap/data/jrc_hela-2/jrc_hela-2.zarr/recon-1/em/fibsem-uint8
14,file:///nrs/cellmap/bennettd/data/crop_tests/jrc_hela-2.zarr/crop14,file:///nrs/cellmap/data/jrc_hela-2/jrc_hela-2.zarr/recon-1/em/fibsem-uint8
15,file:///nrs/cellmap/bennettd/data/crop_tests/jrc_hela-2.zarr/crop15,file:///nrs/cellmap/data/jrc_hela-2/jrc_hela-2.zarr/recon-1/em/fibsem-uint8
16,file:///nrs/cellmap/bennettd/data/crop_tests/jrc_hela-2.zarr/crop16,file:///nrs/cellmap/data/jrc_hela-2/jrc_hela-2.zarr/recon-1/em/fibsem-uint8
18,file:///nrs/cellmap/bennettd/data/crop_tests/jrc_hela-2.zarr/crop18,file:///nrs/cellmap/data/jrc_hela-2/jrc_hela-2.zarr/recon-1/em/fibsem-uint8
19,file:///nrs/cellmap/bennettd/data/crop_tests/jrc_hela-2.zarr/crop19,file:///nrs/cellmap/data/jrc_hela-2/jrc_hela-2.zarr/recon-1/em/fibsem-uint8
23,file:///nrs/cellmap/bennettd/data/crop_tests/jrc_hela-2.zarr/crop23,file:///nrs/cellmap/data/jrc_hela-2/jrc_hela-2.zarr/recon-1/em/fibsem-uint8
28,file:///nrs/cellmap/bennettd/data/crop_tests/jrc_hela-2.zarr/crop28,file:///nrs/cellmap/data/jrc_hela-2/jrc_hela-2.zarr/recon-1/em/fibsem-uint8
54,file:///nrs/cellmap/bennettd/data/crop_tests/jrc_hela-2.zarr/crop54,file:///nrs/cellmap/data/jrc_hela-2/jrc_hela-2.zarr/recon-1/em/fibsem-uint8
55,file:///nrs/cellmap/bennettd/data/crop_tests/jrc_hela-2.zarr/crop55,file:///nrs/cellmap/data/jrc_hela-2/jrc_hela-2.zarr/recon-1/em/fibsem-uint8
56,file:///nrs/cellmap/bennettd/data/crop_tests/jrc_hela-2.zarr/crop56,file:///nrs/cellmap/data/jrc_hela-2/jrc_hela-2.zarr/recon-1/em/fibsem-uint8
57,file:///nrs/cellmap/bennettd/data/crop_tests/jrc_hela-2.zarr/crop57,file:///nrs/cellmap/data/jrc_hela-2/jrc_hela-2.zarr/recon-1/em/fibsem-uint8
58,file:///nrs/cellmap/bennettd/data/crop_tests/jrc_hela-2.zarr/crop58,file:///nrs/cellmap/data/jrc_hela-2/jrc_hela-2.zarr/recon-1/em/fibsem-uint8
59,file:///nrs/cellmap/bennettd/data/crop_tests/jrc_hela-2.zarr/crop59,file:///nrs/cellmap/data/jrc_hela-2/jrc_hela-2.zarr/recon-1/em/fibsem-uint8
94,file:///nrs/cellmap/bennettd/data/crop_tests/jrc_hela-2.zarr/crop94,file:///nrs/cellmap/data/jrc_hela-2/jrc_hela-2.zarr/recon-1/em/fibsem-uint8
95,file:///nrs/cellmap/bennettd/data/crop_tests/jrc_hela-2.zarr/crop95,file:///nrs/cellmap/data/jrc_hela-2/jrc_hela-2.zarr/recon-1/em/fibsem-uint8
96,file:///nrs/cellmap/bennettd/data/crop_tests/jrc_hela-2.zarr/crop96,file:///nrs/cellmap/data/jrc_hela-2/jrc_hela-2.zarr/recon-1/em/fibsem-uint8
113,file:///nrs/cellmap/bennettd/data/crop_tests/jrc_hela-2.zarr/crop113,file:///nrs/cellmap/data/jrc_hela-2/jrc_hela-2.zarr/recon-1/em/fibsem-uint8
155,file:///nrs/cellmap/bennettd/data/crop_tests/jrc_hela-2.zarr/crop155,file:///nrs/cellmap/data/jrc_hela-2/jrc_hela-2.zarr/recon-1/em/fibsem-uint8
27,file:///nrs/cellmap/bennettd/data/crop_tests/jrc_hela-3.zarr/crop27,file:///nrs/cellmap/data/jrc_hela-3/jrc_hela-3.zarr/recon-1/em/fibsem-uint8
33,file:///nrs/cellmap/bennettd/data/crop_tests/jrc_hela-3.zarr/crop33,file:///nrs/cellmap/data/jrc_hela-3/jrc_hela-3.zarr/recon-1/em/fibsem-uint8
34,file:///nrs/cellmap/bennettd/data/crop_tests/jrc_hela-3.zarr/crop34,file:///nrs/cellmap/data/jrc_hela-3/jrc_hela-3.zarr/recon-1/em/fibsem-uint8
50,file:///nrs/cellmap/bennettd/data/crop_tests/jrc_hela-3.zarr/crop50,file:///nrs/cellmap/data/jrc_hela-3/jrc_hela-3.zarr/recon-1/em/fibsem-uint8
51,file:///nrs/cellmap/bennettd/data/crop_tests/jrc_hela-3.zarr/crop51,file:///nrs/cellmap/data/jrc_hela-3/jrc_hela-3.zarr/recon-1/em/fibsem-uint8
60,file:///nrs/cellmap/bennettd/data/crop_tests/jrc_hela-3.zarr/crop60,file:///nrs/cellmap/data/jrc_hela-3/jrc_hela-3.zarr/recon-1/em/fibsem-uint8
62,file:///nrs/cellmap/bennettd/data/crop_tests/jrc_hela-3.zarr/crop62,file:///nrs/cellmap/data/jrc_hela-3/jrc_hela-3.zarr/recon-1/em/fibsem-uint8
61,file:///nrs/cellmap/bennettd/data/crop_tests/jrc_hela-3.zarr/crop61,file:///nrs/cellmap/data/jrc_hela-3/jrc_hela-3.zarr/recon-1/em/fibsem-uint8
63,file:///nrs/cellmap/bennettd/data/crop_tests/jrc_hela-3.zarr/crop63,file:///nrs/cellmap/data/jrc_hela-3/jrc_hela-3.zarr/recon-1/em/fibsem-uint8
64,file:///nrs/cellmap/bennettd/data/crop_tests/jrc_hela-3.zarr/crop64,file:///nrs/cellmap/data/jrc_hela-3/jrc_hela-3.zarr/recon-1/em/fibsem-uint8
65,file:///nrs/cellmap/bennettd/data/crop_tests/jrc_hela-3.zarr/crop65,file:///nrs/cellmap/data/jrc_hela-3/jrc_hela-3.zarr/recon-1/em/fibsem-uint8
85,file:///nrs/cellmap/bennettd/data/crop_tests/jrc_hela-3.zarr/crop85,file:///nrs/cellmap/data/jrc_hela-3/jrc_hela-3.zarr/recon-1/em/fibsem-uint8
86,file:///nrs/cellmap/bennettd/data/crop_tests/jrc_hela-3.zarr/crop86,file:///nrs/cellmap/data/jrc_hela-3/jrc_hela-3.zarr/recon-1/em/fibsem-uint8
87,file:///nrs/cellmap/bennettd/data/crop_tests/jrc_hela-3.zarr/crop87,file:///nrs/cellmap/data/jrc_hela-3/jrc_hela-3.zarr/recon-1/em/fibsem-uint8
101,file:///nrs/cellmap/bennettd/data/crop_tests/jrc_hela-3.zarr/crop101,file:///nrs/cellmap/data/jrc_hela-3/jrc_hela-3.zarr/recon-1/em/fibsem-uint8
100,file:///nrs/cellmap/bennettd/data/crop_tests/jrc_hela-3.zarr/crop100,file:///nrs/cellmap/data/jrc_hela-3/jrc_hela-3.zarr/recon-1/em/fibsem-uint8
102,file:///nrs/cellmap/bennettd/data/crop_tests/jrc_hela-3.zarr/crop102,file:///nrs/cellmap/data/jrc_hela-3/jrc_hela-3.zarr/recon-1/em/fibsem-uint8
111,file:///nrs/cellmap/bennettd/data/crop_tests/jrc_hela-3.zarr/crop111,file:///nrs/cellmap/data/jrc_hela-3/jrc_hela-3.zarr/recon-1/em/fibsem-uint8
181,file:///nrs/cellmap/bennettd/data/crop_tests/jrc_hela-3.zarr/crop181,file:///nrs/cellmap/data/jrc_hela-3/jrc_hela-3.zarr/recon-1/em/fibsem-uint8
35,file:///nrs/cellmap/bennettd/data/crop_tests/jrc_jurkat-1.zarr/crop35,file:///nrs/cellmap/data/jrc_jurkat-1/jrc_jurkat-1.zarr/recon-1/em/fibsem-uint8
36,file:///nrs/cellmap/bennettd/data/crop_tests/jrc_jurkat-1.zarr/crop36,file:///nrs/cellmap/data/jrc_jurkat-1/jrc_jurkat-1.zarr/recon-1/em/fibsem-uint8
37,file:///nrs/cellmap/bennettd/data/crop_tests/jrc_jurkat-1.zarr/crop37,file:///nrs/cellmap/data/jrc_jurkat-1/jrc_jurkat-1.zarr/recon-1/em/fibsem-uint8
38,file:///nrs/cellmap/bennettd/data/crop_tests/jrc_jurkat-1.zarr/crop38,file:///nrs/cellmap/data/jrc_jurkat-1/jrc_jurkat-1.zarr/recon-1/em/fibsem-uint8
47,file:///nrs/cellmap/bennettd/data/crop_tests/jrc_jurkat-1.zarr/crop47,file:///nrs/cellmap/data/jrc_jurkat-1/jrc_jurkat-1.zarr/recon-1/em/fibsem-uint8
43,file:///nrs/cellmap/bennettd/data/crop_tests/jrc_jurkat-1.zarr/crop43,file:///nrs/cellmap/data/jrc_jurkat-1/jrc_jurkat-1.zarr/recon-1/em/fibsem-uint8
67,file:///nrs/cellmap/bennettd/data/crop_tests/jrc_jurkat-1.zarr/crop67,file:///nrs/cellmap/data/jrc_jurkat-1/jrc_jurkat-1.zarr/recon-1/em/fibsem-uint8
66,file:///nrs/cellmap/bennettd/data/crop_tests/jrc_jurkat-1.zarr/crop66,file:///nrs/cellmap/data/jrc_jurkat-1/jrc_jurkat-1.zarr/recon-1/em/fibsem-uint8
70,file:///nrs/cellmap/bennettd/data/crop_tests/jrc_jurkat-1.zarr/crop70,file:///nrs/cellmap/data/jrc_jurkat-1/jrc_jurkat-1.zarr/recon-1/em/fibsem-uint8
68,file:///nrs/cellmap/bennettd/data/crop_tests/jrc_jurkat-1.zarr/crop68,file:///nrs/cellmap/data/jrc_jurkat-1/jrc_jurkat-1.zarr/recon-1/em/fibsem-uint8
69,file:///nrs/cellmap/bennettd/data/crop_tests/jrc_jurkat-1.zarr/crop69,file:///nrs/cellmap/data/jrc_jurkat-1/jrc_jurkat-1.zarr/recon-1/em/fibsem-uint8
71,file:///nrs/cellmap/bennettd/data/crop_tests/jrc_jurkat-1.zarr/crop71,file:///nrs/cellmap/data/jrc_jurkat-1/jrc_jurkat-1.zarr/recon-1/em/fibsem-uint8
91,file:///nrs/cellmap/bennettd/data/crop_tests/jrc_jurkat-1.zarr/crop91,file:///nrs/cellmap/data/jrc_jurkat-1/jrc_jurkat-1.zarr/recon-1/em/fibsem-uint8
93,file:///nrs/cellmap/bennettd/data/crop_tests/jrc_jurkat-1.zarr/crop93,file:///nrs/cellmap/data/jrc_jurkat-1/jrc_jurkat-1.zarr/recon-1/em/fibsem-uint8
92,file:///nrs/cellmap/bennettd/data/crop_tests/jrc_jurkat-1.zarr/crop92,file:///nrs/cellmap/data/jrc_jurkat-1/jrc_jurkat-1.zarr/recon-1/em/fibsem-uint8
107,file:///nrs/cellmap/bennettd/data/crop_tests/jrc_jurkat-1.zarr/crop107,file:///nrs/cellmap/data/jrc_jurkat-1/jrc_jurkat-1.zarr/recon-1/em/fibsem-uint8
112,file:///nrs/cellmap/bennettd/data/crop_tests/jrc_jurkat-1.zarr/crop112,file:///nrs/cellmap/data/jrc_jurkat-1/jrc_jurkat-1.zarr/recon-1/em/fibsem-uint8
126,file:///nrs/cellmap/bennettd/data/crop_tests/jrc_jurkat-1.zarr/crop126,file:///nrs/cellmap/data/jrc_jurkat-1/jrc_jurkat-1.zarr/recon-1/em/fibsem-uint8
180,file:///nrs/cellmap/bennettd/data/crop_tests/jrc_jurkat-1.zarr/crop180,file:///nrs/cellmap/data/jrc_jurkat-1/jrc_jurkat-1.zarr/recon-1/em/fibsem-uint8
182,file:///nrs/cellmap/bennettd/data/crop_tests/jrc_jurkat-1.zarr/crop182,file:///nrs/cellmap/data/jrc_jurkat-1/jrc_jurkat-1.zarr/recon-1/em/fibsem-uint8
31,file:///nrs/cellmap/bennettd/data/crop_tests/jrc_macrophage-2.zarr/crop31,file:///nrs/cellmap/data/jrc_macrophage-2/jrc_macrophage-2.zarr/recon-1/em/fibsem-uint8
32,file:///nrs/cellmap/bennettd/data/crop_tests/jrc_macrophage-2.zarr/crop32,file:///nrs/cellmap/data/jrc_macrophage-2/jrc_macrophage-2.zarr/recon-1/em/fibsem-uint8
39,file:///nrs/cellmap/bennettd/data/crop_tests/jrc_macrophage-2.zarr/crop39,file:///nrs/cellmap/data/jrc_macrophage-2/jrc_macrophage-2.zarr/recon-1/em/fibsem-uint8
40,file:///nrs/cellmap/bennettd/data/crop_tests/jrc_macrophage-2.zarr/crop40,file:///nrs/cellmap/data/jrc_macrophage-2/jrc_macrophage-2.zarr/recon-1/em/fibsem-uint8
42,file:///nrs/cellmap/bennettd/data/crop_tests/jrc_macrophage-2.zarr/crop42,file:///nrs/cellmap/data/jrc_macrophage-2/jrc_macrophage-2.zarr/recon-1/em/fibsem-uint8
48,file:///nrs/cellmap/bennettd/data/crop_tests/jrc_macrophage-2.zarr/crop48,file:///nrs/cellmap/data/jrc_macrophage-2/jrc_macrophage-2.zarr/recon-1/em/fibsem-uint8
49,file:///nrs/cellmap/bennettd/data/crop_tests/jrc_macrophage-2.zarr/crop49,file:///nrs/cellmap/data/jrc_macrophage-2/jrc_macrophage-2.zarr/recon-1/em/fibsem-uint8
72,file:///nrs/cellmap/bennettd/data/crop_tests/jrc_macrophage-2.zarr/crop72,file:///nrs/cellmap/data/jrc_macrophage-2/jrc_macrophage-2.zarr/recon-1/em/fibsem-uint8
73,file:///nrs/cellmap/bennettd/data/crop_tests/jrc_macrophage-2.zarr/crop73,file:///nrs/cellmap/data/jrc_macrophage-2/jrc_macrophage-2.zarr/recon-1/em/fibsem-uint8
74,file:///nrs/cellmap/bennettd/data/crop_tests/jrc_macrophage-2.zarr/crop74,file:///nrs/cellmap/data/jrc_macrophage-2/jrc_macrophage-2.zarr/recon-1/em/fibsem-uint8
75,file:///nrs/cellmap/bennettd/data/crop_tests/jrc_macrophage-2.zarr/crop75,file:///nrs/cellmap/data/jrc_macrophage-2/jrc_macrophage-2.zarr/recon-1/em/fibsem-uint8
76,file:///nrs/cellmap/bennettd/data/crop_tests/jrc_macrophage-2.zarr/crop76,file:///nrs/cellmap/data/jrc_macrophage-2/jrc_macrophage-2.zarr/recon-1/em/fibsem-uint8
77,file:///nrs/cellmap/bennettd/data/crop_tests/jrc_macrophage-2.zarr/crop77,file:///nrs/cellmap/data/jrc_macrophage-2/jrc_macrophage-2.zarr/recon-1/em/fibsem-uint8
90,file:///nrs/cellmap/bennettd/data/crop_tests/jrc_macrophage-2.zarr/crop90,file:///nrs/cellmap/data/jrc_macrophage-2/jrc_macrophage-2.zarr/recon-1/em/fibsem-uint8
89,file:///nrs/cellmap/bennettd/data/crop_tests/jrc_macrophage-2.zarr/crop89,file:///nrs/cellmap/data/jrc_macrophage-2/jrc_macrophage-2.zarr/recon-1/em/fibsem-uint8
88,file:///nrs/cellmap/bennettd/data/crop_tests/jrc_macrophage-2.zarr/crop88,file:///nrs/cellmap/data/jrc_macrophage-2/jrc_macrophage-2.zarr/recon-1/em/fibsem-uint8
109,file:///nrs/cellmap/bennettd/data/crop_tests/jrc_macrophage-2.zarr/crop109,file:///nrs/cellmap/data/jrc_macrophage-2/jrc_macrophage-2.zarr/recon-1/em/fibsem-uint8
110,file:///nrs/cellmap/bennettd/data/crop_tests/jrc_macrophage-2.zarr/crop110,file:///nrs/cellmap/data/jrc_macrophage-2/jrc_macrophage-2.zarr/recon-1/em/fibsem-uint8
123,file:///nrs/cellmap/bennettd/data/crop_tests/jrc_fly-mb-1a.zarr/crop123,file:///nrs/cellmap/data/jrc_fly-mb-1a/jrc_fly-mb-1a.zarr/recon-1/em/fibsem-uint8
122,file:///nrs/cellmap/bennettd/data/crop_tests/jrc_fly-mb-1a.zarr/crop122,file:///nrs/cellmap/data/jrc_fly-mb-1a/jrc_fly-mb-1a.zarr/recon-1/em/fibsem-uint8
121,file:///nrs/cellmap/bennettd/data/crop_tests/jrc_fly-mb-1a.zarr/crop121,file:///nrs/cellmap/data/jrc_fly-mb-1a/jrc_fly-mb-1a.zarr/recon-1/em/fibsem-uint8
120,file:///nrs/cellmap/bennettd/data/crop_tests/jrc_fly-mb-1a.zarr/crop120,file:///nrs/cellmap/data/jrc_fly-mb-1a/jrc_fly-mb-1a.zarr/recon-1/em/fibsem-uint8
134,file:///nrs/cellmap/bennettd/data/crop_tests/jrc_fly-mb-1a.zarr/crop134,file:///nrs/cellmap/data/jrc_fly-mb-1a/jrc_fly-mb-1a.zarr/recon-1/em/fibsem-uint8
178,file:///nrs/cellmap/bennettd/data/crop_tests/jrc_fly-mb-1a.zarr/crop178,file:///nrs/cellmap/data/jrc_fly-mb-1a/jrc_fly-mb-1a.zarr/recon-1/em/fibsem-uint8
423,file:///nrs/cellmap/bennettd/data/crop_tests/jrc_mus-heart-1.zarr/crop423,file:///nrs/cellmap/data/jrc_mus-heart-1/jrc_mus-heart-1.zarr/recon-1/em/fibsem-uint8
452,file:///nrs/cellmap/bennettd/data/crop_tests/jrc_mus-heart-1.zarr/crop452,file:///nrs/cellmap/data/jrc_mus-heart-1/jrc_mus-heart-1.zarr/recon-1/em/fibsem-uint8
129,file:///nrs/cellmap/bennettd/data/crop_tests/jrc_mus-kidney.zarr/crop129,file:///nrs/cellmap/data/jrc_mus-kidney/jrc_mus-kidney.zarr/recon-1/em/fibsem-uint8
140,file:///nrs/cellmap/bennettd/data/crop_tests/jrc_mus-kidney.zarr/crop140,file:///nrs/cellmap/data/jrc_mus-kidney/jrc_mus-kidney.zarr/recon-1/em/fibsem-uint8
146,file:///nrs/cellmap/bennettd/data/crop_tests/jrc_mus-kidney.zarr/crop146,file:///nrs/cellmap/data/jrc_mus-kidney/jrc_mus-kidney.zarr/recon-1/em/fibsem-uint8
149,file:///nrs/cellmap/bennettd/data/crop_tests/jrc_mus-kidney.zarr/crop149,file:///nrs/cellmap/data/jrc_mus-kidney/jrc_mus-kidney.zarr/recon-1/em/fibsem-uint8
147,file:///nrs/cellmap/bennettd/data/crop_tests/jrc_mus-kidney.zarr/crop147,file:///nrs/cellmap/data/jrc_mus-kidney/jrc_mus-kidney.zarr/recon-1/em/fibsem-uint8
148,file:///nrs/cellmap/bennettd/data/crop_tests/jrc_mus-kidney.zarr/crop148,file:///nrs/cellmap/data/jrc_mus-kidney/jrc_mus-kidney.zarr/recon-1/em/fibsem-uint8
159,file:///nrs/cellmap/bennettd/data/crop_tests/jrc_mus-kidney.zarr/crop159,file:///nrs/cellmap/data/jrc_mus-kidney/jrc_mus-kidney.zarr/recon-1/em/fibsem-uint8
156,file:///nrs/cellmap/bennettd/data/crop_tests/jrc_mus-kidney.zarr/crop156,file:///nrs/cellmap/data/jrc_mus-kidney/jrc_mus-kidney.zarr/recon-1/em/fibsem-uint8
158,file:///nrs/cellmap/bennettd/data/crop_tests/jrc_mus-kidney.zarr/crop158,file:///nrs/cellmap/data/jrc_mus-kidney/jrc_mus-kidney.zarr/recon-1/em/fibsem-uint8
160,file:///nrs/cellmap/bennettd/data/crop_tests/jrc_mus-kidney.zarr/crop160,file:///nrs/cellmap/data/jrc_mus-kidney/jrc_mus-kidney.zarr/recon-1/em/fibsem-uint8
161,file:///nrs/cellmap/bennettd/data/crop_tests/jrc_mus-kidney.zarr/crop161,file:///nrs/cellmap/data/jrc_mus-kidney/jrc_mus-kidney.zarr/recon-1/em/fibsem-uint8
162,file:///nrs/cellmap/bennettd/data/crop_tests/jrc_mus-kidney.zarr/crop162,file:///nrs/cellmap/data/jrc_mus-kidney/jrc_mus-kidney.zarr/recon-1/em/fibsem-uint8
163,file:///nrs/cellmap/bennettd/data/crop_tests/jrc_mus-kidney.zarr/crop163,file:///nrs/cellmap/data/jrc_mus-kidney/jrc_mus-kidney.zarr/recon-1/em/fibsem-uint8
165,file:///nrs/cellmap/bennettd/data/crop_tests/jrc_mus-kidney.zarr/crop165,file:///nrs/cellmap/data/jrc_mus-kidney/jrc_mus-kidney.zarr/recon-1/em/fibsem-uint8
164,file:///nrs/cellmap/bennettd/data/crop_tests/jrc_mus-kidney.zarr/crop164,file:///nrs/cellmap/data/jrc_mus-kidney/jrc_mus-kidney.zarr/recon-1/em/fibsem-uint8
166,file:///nrs/cellmap/bennettd/data/crop_tests/jrc_mus-kidney.zarr/crop166,file:///nrs/cellmap/data/jrc_mus-kidney/jrc_mus-kidney.zarr/recon-1/em/fibsem-uint8
179,file:///nrs/cellmap/bennettd/data/crop_tests/jrc_mus-kidney.zarr/crop179,file:///nrs/cellmap/data/jrc_mus-kidney/jrc_mus-kidney.zarr/recon-1/em/fibsem-uint8
184,file:///nrs/cellmap/bennettd/data/crop_tests/jrc_mus-kidney.zarr/crop184,file:///nrs/cellmap/data/jrc_mus-kidney/jrc_mus-kidney.zarr/recon-1/em/fibsem-uint8
221,file:///nrs/cellmap/bennettd/data/crop_tests/jrc_mus-kidney.zarr/crop221,file:///nrs/cellmap/data/jrc_mus-kidney/jrc_mus-kidney.zarr/recon-1/em/fibsem-uint8
229,file:///nrs/cellmap/bennettd/data/crop_tests/jrc_mus-kidney.zarr/crop229,file:///nrs/cellmap/data/jrc_mus-kidney/jrc_mus-kidney.zarr/recon-1/em/fibsem-uint8
230,file:///nrs/cellmap/bennettd/data/crop_tests/jrc_mus-kidney.zarr/crop230,file:///nrs/cellmap/data/jrc_mus-kidney/jrc_mus-kidney.zarr/recon-1/em/fibsem-uint8
231,file:///nrs/cellmap/bennettd/data/crop_tests/jrc_mus-kidney.zarr/crop231,file:///nrs/cellmap/data/jrc_mus-kidney/jrc_mus-kidney.zarr/recon-1/em/fibsem-uint8
141,file:///nrs/cellmap/bennettd/data/crop_tests/jrc_mus-kidney.zarr/crop141,file:///nrs/cellmap/data/jrc_mus-kidney/jrc_mus-kidney.zarr/recon-1/em/fibsem-uint8
472,file:///nrs/cellmap/bennettd/data/crop_tests/jrc_mus-kidney-3.zarr/crop472,file:///nrs/cellmap/data/jrc_mus-kidney-3/jrc_mus-kidney-3.zarr/recon-1/em/fibsem-uint8
421,file:///nrs/cellmap/bennettd/data/crop_tests/jrc_mus-kidney-glomerulus-2.zarr/crop421,file:///nrs/cellmap/data/jrc_mus-kidney-glomerulus-2/jrc_mus-kidney-glomerulus-2.zarr/recon-1/em/fibsem-uint8
124,file:///nrs/cellmap/bennettd/data/crop_tests/jrc_mus-liver.zarr/crop124,file:///nrs/cellmap/data/jrc_mus-liver/jrc_mus-liver.zarr/recon-1/em/fibsem-uint8
125,file:///nrs/cellmap/bennettd/data/crop_tests/jrc_mus-liver.zarr/crop125,file:///nrs/cellmap/data/jrc_mus-liver/jrc_mus-liver.zarr/recon-1/em/fibsem-uint8
132,file:///nrs/cellmap/bennettd/data/crop_tests/jrc_mus-liver.zarr/crop132,file:///nrs/cellmap/data/jrc_mus-liver/jrc_mus-liver.zarr/recon-1/em/fibsem-uint8
131,file:///nrs/cellmap/bennettd/data/crop_tests/jrc_mus-liver.zarr/crop131,file:///nrs/cellmap/data/jrc_mus-liver/jrc_mus-liver.zarr/recon-1/em/fibsem-uint8
133,file:///nrs/cellmap/bennettd/data/crop_tests/jrc_mus-liver.zarr/crop133,file:///nrs/cellmap/data/jrc_mus-liver/jrc_mus-liver.zarr/recon-1/em/fibsem-uint8
135,file:///nrs/cellmap/bennettd/data/crop_tests/jrc_mus-liver.zarr/crop135,file:///nrs/cellmap/data/jrc_mus-liver/jrc_mus-liver.zarr/recon-1/em/fibsem-uint8
136,file:///nrs/cellmap/bennettd/data/crop_tests/jrc_mus-liver.zarr/crop136,file:///nrs/cellmap/data/jrc_mus-liver/jrc_mus-liver.zarr/recon-1/em/fibsem-uint8
137,file:///nrs/cellmap/bennettd/data/crop_tests/jrc_mus-liver.zarr/crop137,file:///nrs/cellmap/data/jrc_mus-liver/jrc_mus-liver.zarr/recon-1/em/fibsem-uint8
139,file:///nrs/cellmap/bennettd/data/crop_tests/jrc_mus-liver.zarr/crop139,file:///nrs/cellmap/data/jrc_mus-liver/jrc_mus-liver.zarr/recon-1/em/fibsem-uint8
138,file:///nrs/cellmap/bennettd/data/crop_tests/jrc_mus-liver.zarr/crop138,file:///nrs/cellmap/data/jrc_mus-liver/jrc_mus-liver.zarr/recon-1/em/fibsem-uint8
142,file:///nrs/cellmap/bennettd/data/crop_tests/jrc_mus-liver.zarr/crop142,file:///nrs/cellmap/data/jrc_mus-liver/jrc_mus-liver.zarr/recon-1/em/fibsem-uint8
143,file:///nrs/cellmap/bennettd/data/crop_tests/jrc_mus-liver.zarr/crop143,file:///nrs/cellmap/data/jrc_mus-liver/jrc_mus-liver.zarr/recon-1/em/fibsem-uint8
145,file:///nrs/cellmap/bennettd/data/crop_tests/jrc_mus-liver.zarr/crop145,file:///nrs/cellmap/data/jrc_mus-liver/jrc_mus-liver.zarr/recon-1/em/fibsem-uint8
144,file:///nrs/cellmap/bennettd/data/crop_tests/jrc_mus-liver.zarr/crop144,file:///nrs/cellmap/data/jrc_mus-liver/jrc_mus-liver.zarr/recon-1/em/fibsem-uint8
150,file:///nrs/cellmap/bennettd/data/crop_tests/jrc_mus-liver.zarr/crop150,file:///nrs/cellmap/data/jrc_mus-liver/jrc_mus-liver.zarr/recon-1/em/fibsem-uint8
151,file:///nrs/cellmap/bennettd/data/crop_tests/jrc_mus-liver.zarr/crop151,file:///nrs/cellmap/data/jrc_mus-liver/jrc_mus-liver.zarr/recon-1/em/fibsem-uint8
157,file:///nrs/cellmap/bennettd/data/crop_tests/jrc_mus-liver.zarr/crop157,file:///nrs/cellmap/data/jrc_mus-liver/jrc_mus-liver.zarr/recon-1/em/fibsem-uint8
172,file:///nrs/cellmap/bennettd/data/crop_tests/jrc_mus-liver.zarr/crop172,file:///nrs/cellmap/data/jrc_mus-liver/jrc_mus-liver.zarr/recon-1/em/fibsem-uint8
171,file:///nrs/cellmap/bennettd/data/crop_tests/jrc_mus-liver.zarr/crop171,file:///nrs/cellmap/data/jrc_mus-liver/jrc_mus-liver.zarr/recon-1/em/fibsem-uint8
175,file:///nrs/cellmap/bennettd/data/crop_tests/jrc_mus-liver.zarr/crop175,file:///nrs/cellmap/data/jrc_mus-liver/jrc_mus-liver.zarr/recon-1/em/fibsem-uint8
177,file:///nrs/cellmap/bennettd/data/crop_tests/jrc_mus-liver.zarr/crop177,file:///nrs/cellmap/data/jrc_mus-liver/jrc_mus-liver.zarr/recon-1/em/fibsem-uint8
183,file:///nrs/cellmap/bennettd/data/crop_tests/jrc_mus-liver.zarr/crop183,file:///nrs/cellmap/data/jrc_mus-liver/jrc_mus-liver.zarr/recon-1/em/fibsem-uint8
416,file:///nrs/cellmap/bennettd/data/crop_tests/jrc_mus-liver.zarr/crop416,file:///nrs/cellmap/data/jrc_mus-liver/jrc_mus-liver.zarr/recon-1/em/fibsem-uint8
417,file:///nrs/cellmap/bennettd/data/crop_tests/jrc_mus-liver.zarr/crop417,file:///nrs/cellmap/data/jrc_mus-liver/jrc_mus-liver.zarr/recon-1/em/fibsem-uint8
473,file:///nrs/cellmap/bennettd/data/crop_tests/jrc_mus-liver-3.zarr/crop473,file:///nrs/cellmap/data/jrc_mus-liver-3/jrc_mus-liver-3.zarr/recon-1/em/fibsem-uint8
266,file:///nrs/cellmap/bennettd/data/crop_tests/jrc_mus-liver-zon-1.zarr/crop266,file:///nrs/cellmap/data/jrc_mus-liver-zon-1/jrc_mus-liver-zon-1.zarr/recon-1/em/fibsem-uint8
267,file:///nrs/cellmap/bennettd/data/crop_tests/jrc_mus-liver-zon-1.zarr/crop267,file:///nrs/cellmap/data/jrc_mus-liver-zon-1/jrc_mus-liver-zon-1.zarr/recon-1/em/fibsem-uint8
268,file:///nrs/cellmap/bennettd/data/crop_tests/jrc_mus-liver-zon-1.zarr/crop268,file:///nrs/cellmap/data/jrc_mus-liver-zon-1/jrc_mus-liver-zon-1.zarr/recon-1/em/fibsem-uint8
270,file:///nrs/cellmap/bennettd/data/crop_tests/jrc_mus-liver-zon-1.zarr/crop270,file:///nrs/cellmap/data/jrc_mus-liver-zon-1/jrc_mus-liver-zon-1.zarr/recon-1/em/fibsem-uint8
269,file:///nrs/cellmap/bennettd/data/crop_tests/jrc_mus-liver-zon-1.zarr/crop269,file:///nrs/cellmap/data/jrc_mus-liver-zon-1/jrc_mus-liver-zon-1.zarr/recon-1/em/fibsem-uint8
272,file:///nrs/cellmap/bennettd/data/crop_tests/jrc_mus-liver-zon-1.zarr/crop272,file:///nrs/cellmap/data/jrc_mus-liver-zon-1/jrc_mus-liver-zon-1.zarr/recon-1/em/fibsem-uint8
274,file:///nrs/cellmap/bennettd/data/crop_tests/jrc_mus-liver-zon-1.zarr/crop274,file:///nrs/cellmap/data/jrc_mus-liver-zon-1/jrc_mus-liver-zon-1.zarr/recon-1/em/fibsem-uint8
275,file:///nrs/cellmap/bennettd/data/crop_tests/jrc_mus-liver-zon-1.zarr/crop275,file:///nrs/cellmap/data/jrc_mus-liver-zon-1/jrc_mus-liver-zon-1.zarr/recon-1/em/fibsem-uint8
273,file:///nrs/cellmap/bennettd/data/crop_tests/jrc_mus-liver-zon-1.zarr/crop273,file:///nrs/cellmap/data/jrc_mus-liver-zon-1/jrc_mus-liver-zon-1.zarr/recon-1/em/fibsem-uint8
276,file:///nrs/cellmap/bennettd/data/crop_tests/jrc_mus-liver-zon-1.zarr/crop276,file:///nrs/cellmap/data/jrc_mus-liver-zon-1/jrc_mus-liver-zon-1.zarr/recon-1/em/fibsem-uint8
278,file:///nrs/cellmap/bennettd/data/crop_tests/jrc_mus-liver-zon-1.zarr/crop278,file:///nrs/cellmap/data/jrc_mus-liver-zon-1/jrc_mus-liver-zon-1.zarr/recon-1/em/fibsem-uint8
277,file:///nrs/cellmap/bennettd/data/crop_tests/jrc_mus-liver-zon-1.zarr/crop277,file:///nrs/cellmap/data/jrc_mus-liver-zon-1/jrc_mus-liver-zon-1.zarr/recon-1/em/fibsem-uint8
279,file:///nrs/cellmap/bennettd/data/crop_tests/jrc_mus-liver-zon-1.zarr/crop279,file:///nrs/cellmap/data/jrc_mus-liver-zon-1/jrc_mus-liver-zon-1.zarr/recon-1/em/fibsem-uint8
280,file:///nrs/cellmap/bennettd/data/crop_tests/jrc_mus-liver-zon-1.zarr/crop280,file:///nrs/cellmap/data/jrc_mus-liver-zon-1/jrc_mus-liver-zon-1.zarr/recon-1/em/fibsem-uint8
282,file:///nrs/cellmap/bennettd/data/crop_tests/jrc_mus-liver-zon-1.zarr/crop282,file:///nrs/cellmap/data/jrc_mus-liver-zon-1/jrc_mus-liver-zon-1.zarr/recon-1/em/fibsem-uint8
289,file:///nrs/cellmap/bennettd/data/crop_tests/jrc_mus-liver-zon-1.zarr/crop289,file:///nrs/cellmap/data/jrc_mus-liver-zon-1/jrc_mus-liver-zon-1.zarr/recon-1/em/fibsem-uint8
298,file:///nrs/cellmap/bennettd/data/crop_tests/jrc_mus-liver-zon-1.zarr/crop298,file:///nrs/cellmap/data/jrc_mus-liver-zon-1/jrc_mus-liver-zon-1.zarr/recon-1/em/fibsem-uint8
313,file:///nrs/cellmap/bennettd/data/crop_tests/jrc_mus-liver-zon-1.zarr/crop313,file:///nrs/cellmap/data/jrc_mus-liver-zon-1/jrc_mus-liver-zon-1.zarr/recon-1/em/fibsem-uint8
319,file:///nrs/cellmap/bennettd/data/crop_tests/jrc_mus-liver-zon-1.zarr/crop319,file:///nrs/cellmap/data/jrc_mus-liver-zon-1/jrc_mus-liver-zon-1.zarr/recon-1/em/fibsem-uint8
320,file:///nrs/cellmap/bennettd/data/crop_tests/jrc_mus-liver-zon-1.zarr/crop320,file:///nrs/cellmap/data/jrc_mus-liver-zon-1/jrc_mus-liver-zon-1.zarr/recon-1/em/fibsem-uint8
322,file:///nrs/cellmap/bennettd/data/crop_tests/jrc_mus-liver-zon-1.zarr/crop322,file:///nrs/cellmap/data/jrc_mus-liver-zon-1/jrc_mus-liver-zon-1.zarr/recon-1/em/fibsem-uint8
321,file:///nrs/cellmap/bennettd/data/crop_tests/jrc_mus-liver-zon-1.zarr/crop321,file:///nrs/cellmap/data/jrc_mus-liver-zon-1/jrc_mus-liver-zon-1.zarr/recon-1/em/fibsem-uint8
323,file:///nrs/cellmap/bennettd/data/crop_tests/jrc_mus-liver-zon-1.zarr/crop323,file:///nrs/cellmap/data/jrc_mus-liver-zon-1/jrc_mus-liver-zon-1.zarr/recon-1/em/fibsem-uint8
325,file:///nrs/cellmap/bennettd/data/crop_tests/jrc_mus-liver-zon-1.zarr/crop325,file:///nrs/cellmap/data/jrc_mus-liver-zon-1/jrc_mus-liver-zon-1.zarr/recon-1/em/fibsem-uint8
324,file:///nrs/cellmap/bennettd/data/crop_tests/jrc_mus-liver-zon-1.zarr/crop324,file:///nrs/cellmap/data/jrc_mus-liver-zon-1/jrc_mus-liver-zon-1.zarr/recon-1/em/fibsem-uint8
326,file:///nrs/cellmap/bennettd/data/crop_tests/jrc_mus-liver-zon-1.zarr/crop326,file:///nrs/cellmap/data/jrc_mus-liver-zon-1/jrc_mus-liver-zon-1.zarr/recon-1/em/fibsem-uint8
329,file:///nrs/cellmap/bennettd/data/crop_tests/jrc_mus-liver-zon-1.zarr/crop329,file:///nrs/cellmap/data/jrc_mus-liver-zon-1/jrc_mus-liver-zon-1.zarr/recon-1/em/fibsem-uint8
336,file:///nrs/cellmap/bennettd/data/crop_tests/jrc_mus-liver-zon-1.zarr/crop336,file:///nrs/cellmap/data/jrc_mus-liver-zon-1/jrc_mus-liver-zon-1.zarr/recon-1/em/fibsem-uint8
337,file:///nrs/cellmap/bennettd/data/crop_tests/jrc_mus-liver-zon-1.zarr/crop337,file:///nrs/cellmap/data/jrc_mus-liver-zon-1/jrc_mus-liver-zon-1.zarr/recon-1/em/fibsem-uint8
345,file:///nrs/cellmap/bennettd/data/crop_tests/jrc_mus-liver-zon-1.zarr/crop345,file:///nrs/cellmap/data/jrc_mus-liver-zon-1/jrc_mus-liver-zon-1.zarr/recon-1/em/fibsem-uint8
347,file:///nrs/cellmap/bennettd/data/crop_tests/jrc_mus-liver-zon-1.zarr/crop347,file:///nrs/cellmap/data/jrc_mus-liver-zon-1/jrc_mus-liver-zon-1.zarr/recon-1/em/fibsem-uint8
346,file:///nrs/cellmap/bennettd/data/crop_tests/jrc_mus-liver-zon-1.zarr/crop346,file:///nrs/cellmap/data/jrc_mus-liver-zon-1/jrc_mus-liver-zon-1.zarr/recon-1/em/fibsem-uint8
348,file:///nrs/cellmap/bennettd/data/crop_tests/jrc_mus-liver-zon-1.zarr/crop348,file:///nrs/cellmap/data/jrc_mus-liver-zon-1/jrc_mus-liver-zon-1.zarr/recon-1/em/fibsem-uint8
349,file:///nrs/cellmap/bennettd/data/crop_tests/jrc_mus-liver-zon-1.zarr/crop349,file:///nrs/cellmap/data/jrc_mus-liver-zon-1/jrc_mus-liver-zon-1.zarr/recon-1/em/fibsem-uint8
351,file:///nrs/cellmap/bennettd/data/crop_tests/jrc_mus-liver-zon-1.zarr/crop351,file:///nrs/cellmap/data/jrc_mus-liver-zon-1/jrc_mus-liver-zon-1.zarr/recon-1/em/fibsem-uint8
377,file:///nrs/cellmap/bennettd/data/crop_tests/jrc_mus-liver-zon-1.zarr/crop377,file:///nrs/cellmap/data/jrc_mus-liver-zon-1/jrc_mus-liver-zon-1.zarr/recon-1/em/fibsem-uint8
386,file:///nrs/cellmap/bennettd/data/crop_tests/jrc_mus-liver-zon-1.zarr/crop386,file:///nrs/cellmap/data/jrc_mus-liver-zon-1/jrc_mus-liver-zon-1.zarr/recon-1/em/fibsem-uint8
407,file:///nrs/cellmap/bennettd/data/crop_tests/jrc_mus-liver-zon-1.zarr/crop407,file:///nrs/cellmap/data/jrc_mus-liver-zon-1/jrc_mus-liver-zon-1.zarr/recon-1/em/fibsem-uint8
410,file:///nrs/cellmap/bennettd/data/crop_tests/jrc_mus-liver-zon-1.zarr/crop410,file:///nrs/cellmap/data/jrc_mus-liver-zon-1/jrc_mus-liver-zon-1.zarr/recon-1/em/fibsem-uint8
411,file:///nrs/cellmap/bennettd/data/crop_tests/jrc_mus-liver-zon-1.zarr/crop411,file:///nrs/cellmap/data/jrc_mus-liver-zon-1/jrc_mus-liver-zon-1.zarr/recon-1/em/fibsem-uint8
413,file:///nrs/cellmap/bennettd/data/crop_tests/jrc_mus-liver-zon-1.zarr/crop413,file:///nrs/cellmap/data/jrc_mus-liver-zon-1/jrc_mus-liver-zon-1.zarr/recon-1/em/fibsem-uint8
412,file:///nrs/cellmap/bennettd/data/crop_tests/jrc_mus-liver-zon-1.zarr/crop412,file:///nrs/cellmap/data/jrc_mus-liver-zon-1/jrc_mus-liver-zon-1.zarr/recon-1/em/fibsem-uint8
333,file:///nrs/cellmap/bennettd/data/crop_tests/jrc_mus-liver-zon-2.zarr/crop333,file:///nrs/cellmap/data/jrc_mus-liver-zon-2/jrc_mus-liver-zon-2.zarr/recon-1/em/fibsem-uint8
341,file:///nrs/cellmap/bennettd/data/crop_tests/jrc_mus-liver-zon-2.zarr/crop341,file:///nrs/cellmap/data/jrc_mus-liver-zon-2/jrc_mus-liver-zon-2.zarr/recon-1/em/fibsem-uint8
340,file:///nrs/cellmap/bennettd/data/crop_tests/jrc_mus-liver-zon-2.zarr/crop340,file:///nrs/cellmap/data/jrc_mus-liver-zon-2/jrc_mus-liver-zon-2.zarr/recon-1/em/fibsem-uint8
342,file:///nrs/cellmap/bennettd/data/crop_tests/jrc_mus-liver-zon-2.zarr/crop342,file:///nrs/cellmap/data/jrc_mus-liver-zon-2/jrc_mus-liver-zon-2.zarr/recon-1/em/fibsem-uint8
353,file:///nrs/cellmap/bennettd/data/crop_tests/jrc_mus-liver-zon-2.zarr/crop353,file:///nrs/cellmap/data/jrc_mus-liver-zon-2/jrc_mus-liver-zon-2.zarr/recon-1/em/fibsem-uint8
354,file:///nrs/cellmap/bennettd/data/crop_tests/jrc_mus-liver-zon-2.zarr/crop354,file:///nrs/cellmap/data/jrc_mus-liver-zon-2/jrc_mus-liver-zon-2.zarr/recon-1/em/fibsem-uint8
355,file:///nrs/cellmap/bennettd/data/crop_tests/jrc_mus-liver-zon-2.zarr/crop355,file:///nrs/cellmap/data/jrc_mus-liver-zon-2/jrc_mus-liver-zon-2.zarr/recon-1/em/fibsem-uint8
356,file:///nrs/cellmap/bennettd/data/crop_tests/jrc_mus-liver-zon-2.zarr/crop356,file:///nrs/cellmap/data/jrc_mus-liver-zon-2/jrc_mus-liver-zon-2.zarr/recon-1/em/fibsem-uint8
357,file:///nrs/cellmap/bennettd/data/crop_tests/jrc_mus-liver-zon-2.zarr/crop357,file:///nrs/cellmap/data/jrc_mus-liver-zon-2/jrc_mus-liver-zon-2.zarr/recon-1/em/fibsem-uint8
358,file:///nrs/cellmap/bennettd/data/crop_tests/jrc_mus-liver-zon-2.zarr/crop358,file:///nrs/cellmap/data/jrc_mus-liver-zon-2/jrc_mus-liver-zon-2.zarr/recon-1/em/fibsem-uint8
362,file:///nrs/cellmap/bennettd/data/crop_tests/jrc_mus-liver-zon-2.zarr/crop362,file:///nrs/cellmap/data/jrc_mus-liver-zon-2/jrc_mus-liver-zon-2.zarr/recon-1/em/fibsem-uint8
368,file:///nrs/cellmap/bennettd/data/crop_tests/jrc_mus-liver-zon-2.zarr/crop368,file:///nrs/cellmap/data/jrc_mus-liver-zon-2/jrc_mus-liver-zon-2.zarr/recon-1/em/fibsem-uint8
367,file:///nrs/cellmap/bennettd/data/crop_tests/jrc_mus-liver-zon-2.zarr/crop367,file:///nrs/cellmap/data/jrc_mus-liver-zon-2/jrc_mus-liver-zon-2.zarr/recon-1/em/fibsem-uint8
366,file:///nrs/cellmap/bennettd/data/crop_tests/jrc_mus-liver-zon-2.zarr/crop366,file:///nrs/cellmap/data/jrc_mus-liver-zon-2/jrc_mus-liver-zon-2.zarr/recon-1/em/fibsem-uint8
369,file:///nrs/cellmap/bennettd/data/crop_tests/jrc_mus-liver-zon-2.zarr/crop369,file:///nrs/cellmap/data/jrc_mus-liver-zon-2/jrc_mus-liver-zon-2.zarr/recon-1/em/fibsem-uint8
370,file:///nrs/cellmap/bennettd/data/crop_tests/jrc_mus-liver-zon-2.zarr/crop370,file:///nrs/cellmap/data/jrc_mus-liver-zon-2/jrc_mus-liver-zon-2.zarr/recon-1/em/fibsem-uint8
376,file:///nrs/cellmap/bennettd/data/crop_tests/jrc_mus-liver-zon-2.zarr/crop376,file:///nrs/cellmap/data/jrc_mus-liver-zon-2/jrc_mus-liver-zon-2.zarr/recon-1/em/fibsem-uint8
387,file:///nrs/cellmap/bennettd/data/crop_tests/jrc_mus-liver-zon-2.zarr/crop387,file:///nrs/cellmap/data/jrc_mus-liver-zon-2/jrc_mus-liver-zon-2.zarr/recon-1/em/fibsem-uint8
408,file:///nrs/cellmap/bennettd/data/crop_tests/jrc_mus-liver-zon-2.zarr/crop408,file:///nrs/cellmap/data/jrc_mus-liver-zon-2/jrc_mus-liver-zon-2.zarr/recon-1/em/fibsem-uint8
115,file:///nrs/cellmap/bennettd/data/crop_tests/jrc_mus-nacc-1.zarr/crop115,file:///nrs/cellmap/data/jrc_mus-nacc-1/jrc_mus-nacc-1.zarr/recon-1/em/fibsem-uint8
106,file:///nrs/cellmap/bennettd/data/crop_tests/jrc_mus-pancreas-1.zarr/crop106,file:///nrs/cellmap/data/jrc_mus-pancreas-1/jrc_mus-pancreas-1.zarr/recon-1/em/fibsem-uint8
20,file:///nrs/cellmap/bennettd/data/crop_tests/jrc_sum159-1.zarr/crop20,file:///nrs/cellmap/data/jrc_sum159-1/jrc_sum159-1.zarr/recon-1/em/fibsem-uint8
22,file:///nrs/cellmap/bennettd/data/crop_tests/jrc_sum159-1.zarr/crop22,file:///nrs/cellmap/data/jrc_sum159-1/jrc_sum159-1.zarr/recon-1/em/fibsem-uint8
25,file:///nrs/cellmap/bennettd/data/crop_tests/jrc_sum159-1.zarr/crop25,file:///nrs/cellmap/data/jrc_sum159-1/jrc_sum159-1.zarr/recon-1/em/fibsem-uint8
26,file:///nrs/cellmap/bennettd/data/crop_tests/jrc_sum159-1.zarr/crop26,file:///nrs/cellmap/data/jrc_sum159-1/jrc_sum159-1.zarr/recon-1/em/fibsem-uint8
80,file:///nrs/cellmap/bennettd/data/crop_tests/jrc_sum159-1.zarr/crop80,file:///nrs/cellmap/data/jrc_sum159-1/jrc_sum159-1.zarr/recon-1/em/fibsem-uint8
81,file:///nrs/cellmap/bennettd/data/crop_tests/jrc_sum159-1.zarr/crop81,file:///nrs/cellmap/data/jrc_sum159-1/jrc_sum159-1.zarr/recon-1/em/fibsem-uint8
83,file:///nrs/cellmap/bennettd/data/crop_tests/jrc_sum159-1.zarr/crop83,file:///nrs/cellmap/data/jrc_sum159-1/jrc_sum159-1.zarr/recon-1/em/fibsem-uint8
82,file:///nrs/cellmap/bennettd/data/crop_tests/jrc_sum159-1.zarr/crop82,file:///nrs/cellmap/data/jrc_sum159-1/jrc_sum159-1.zarr/recon-1/em/fibsem-uint8
84,file:///nrs/cellmap/bennettd/data/crop_tests/jrc_sum159-1.zarr/crop84,file:///nrs/cellmap/data/jrc_sum159-1/jrc_sum159-1.zarr/recon-1/em/fibsem-uint8
97,file:///nrs/cellmap/bennettd/data/crop_tests/jrc_sum159-1.zarr/crop97,file:///nrs/cellmap/data/jrc_sum159-1/jrc_sum159-1.zarr/recon-1/em/fibsem-uint8
98,file:///nrs/cellmap/bennettd/data/crop_tests/jrc_sum159-1.zarr/crop98,file:///nrs/cellmap/data/jrc_sum159-1/jrc_sum159-1.zarr/recon-1/em/fibsem-uint8
99,file:///nrs/cellmap/bennettd/data/crop_tests/jrc_sum159-1.zarr/crop99,file:///nrs/cellmap/data/jrc_sum159-1/jrc_sum159-1.zarr/recon-1/em/fibsem-uint8
186,file:///nrs/cellmap/bennettd/data/crop_tests/jrc_sum159-4.zarr/crop186,file:///nrs/cellmap/data/jrc_sum159-4/jrc_sum159-4.zarr/recon-1/em/fibsem-uint8
187,file:///nrs/cellmap/bennettd/data/crop_tests/jrc_sum159-4.zarr/crop187,file:///nrs/cellmap/data/jrc_sum159-4/jrc_sum159-4.zarr/recon-1/em/fibsem-uint8
188,file:///nrs/cellmap/bennettd/data/crop_tests/jrc_sum159-4.zarr/crop188,file:///nrs/cellmap/data/jrc_sum159-4/jrc_sum159-4.zarr/recon-1/em/fibsem-uint8
189,file:///nrs/cellmap/bennettd/data/crop_tests/jrc_sum159-4.zarr/crop189,file:///nrs/cellmap/data/jrc_sum159-4/jrc_sum159-4.zarr/recon-1/em/fibsem-uint8
201,file:///nrs/cellmap/bennettd/data/crop_tests/jrc_sum159-4.zarr/crop201,file:///nrs/cellmap/data/jrc_sum159-4/jrc_sum159-4.zarr/recon-1/em/fibsem-uint8
202,file:///nrs/cellmap/bennettd/data/crop_tests/jrc_sum159-4.zarr/crop202,file:///nrs/cellmap/data/jrc_sum159-4/jrc_sum159-4.zarr/recon-1/em/fibsem-uint8
203,file:///nrs/cellmap/bennettd/data/crop_tests/jrc_sum159-4.zarr/crop203,file:///nrs/cellmap/data/jrc_sum159-4/jrc_sum159-4.zarr/recon-1/em/fibsem-uint8
208,file:///nrs/cellmap/bennettd/data/crop_tests/jrc_sum159-4.zarr/crop208,file:///nrs/cellmap/data/jrc_sum159-4/jrc_sum159-4.zarr/recon-1/em/fibsem-uint8
206,file:///nrs/cellmap/bennettd/data/crop_tests/jrc_sum159-4.zarr/crop206,file:///nrs/cellmap/data/jrc_sum159-4/jrc_sum159-4.zarr/recon-1/em/fibsem-uint8
209,file:///nrs/cellmap/bennettd/data/crop_tests/jrc_sum159-4.zarr/crop209,file:///nrs/cellmap/data/jrc_sum159-4/jrc_sum159-4.zarr/recon-1/em/fibsem-uint8
210,file:///nrs/cellmap/bennettd/data/crop_tests/jrc_sum159-4.zarr/crop210,file:///nrs/cellmap/data/jrc_sum159-4/jrc_sum159-4.zarr/recon-1/em/fibsem-uint8
211,file:///nrs/cellmap/bennettd/data/crop_tests/jrc_sum159-4.zarr/crop211,file:///nrs/cellmap/data/jrc_sum159-4/jrc_sum159-4.zarr/recon-1/em/fibsem-uint8
213,file:///nrs/cellmap/bennettd/data/crop_tests/jrc_sum159-4.zarr/crop213,file:///nrs/cellmap/data/jrc_sum159-4/jrc_sum159-4.zarr/recon-1/em/fibsem-uint8
212,file:///nrs/cellmap/bennettd/data/crop_tests/jrc_sum159-4.zarr/crop212,file:///nrs/cellmap/data/jrc_sum159-4/jrc_sum159-4.zarr/recon-1/em/fibsem-uint8
216,file:///nrs/cellmap/bennettd/data/crop_tests/jrc_sum159-4.zarr/crop216,file:///nrs/cellmap/data/jrc_sum159-4/jrc_sum159-4.zarr/recon-1/em/fibsem-uint8
217,file:///nrs/cellmap/bennettd/data/crop_tests/jrc_sum159-4.zarr/crop217,file:///nrs/cellmap/data/jrc_sum159-4/jrc_sum159-4.zarr/recon-1/em/fibsem-uint8
218,file:///nrs/cellmap/bennettd/data/crop_tests/jrc_sum159-4.zarr/crop218,file:///nrs/cellmap/data/jrc_sum159-4/jrc_sum159-4.zarr/recon-1/em/fibsem-uint8
219,file:///nrs/cellmap/bennettd/data/crop_tests/jrc_sum159-4.zarr/crop219,file:///nrs/cellmap/data/jrc_sum159-4/jrc_sum159-4.zarr/recon-1/em/fibsem-uint8
191,file:///nrs/cellmap/bennettd/data/crop_tests/jrc_ut21-1413-003.zarr/crop191,file:///nrs/cellmap/data/jrc_ut21-1413-003/jrc_ut21-1413-003.zarr/recon-1/em/fibsem-uint8
190,file:///nrs/cellmap/bennettd/data/crop_tests/jrc_ut21-1413-003.zarr/crop190,file:///nrs/cellmap/data/jrc_ut21-1413-003/jrc_ut21-1413-003.zarr/recon-1/em/fibsem-uint8
192,file:///nrs/cellmap/bennettd/data/crop_tests/jrc_ut21-1413-003.zarr/crop192,file:///nrs/cellmap/data/jrc_ut21-1413-003/jrc_ut21-1413-003.zarr/recon-1/em/fibsem-uint8
193,file:///nrs/cellmap/bennettd/data/crop_tests/jrc_ut21-1413-003.zarr/crop193,file:///nrs/cellmap/data/jrc_ut21-1413-003/jrc_ut21-1413-003.zarr/recon-1/em/fibsem-uint8
197,file:///nrs/cellmap/bennettd/data/crop_tests/jrc_ut21-1413-003.zarr/crop197,file:///nrs/cellmap/data/jrc_ut21-1413-003/jrc_ut21-1413-003.zarr/recon-1/em/fibsem-uint8
196,file:///nrs/cellmap/bennettd/data/crop_tests/jrc_ut21-1413-003.zarr/crop196,file:///nrs/cellmap/data/jrc_ut21-1413-003/jrc_ut21-1413-003.zarr/recon-1/em/fibsem-uint8
195,file:///nrs/cellmap/bennettd/data/crop_tests/jrc_ut21-1413-003.zarr/crop195,file:///nrs/cellmap/data/jrc_ut21-1413-003/jrc_ut21-1413-003.zarr/recon-1/em/fibsem-uint8
198,file:///nrs/cellmap/bennettd/data/crop_tests/jrc_ut21-1413-003.zarr/crop198,file:///nrs/cellmap/data/jrc_ut21-1413-003/jrc_ut21-1413-003.zarr/recon-1/em/fibsem-uint8
199,file:///nrs/cellmap/bennettd/data/crop_tests/jrc_ut21-1413-003.zarr/crop199,file:///nrs/cellmap/data/jrc_ut21-1413-003/jrc_ut21-1413-003.zarr/recon-1/em/fibsem-uint8
200,file:///nrs/cellmap/bennettd/data/crop_tests/jrc_ut21-1413-003.zarr/crop200,file:///nrs/cellmap/data/jrc_ut21-1413-003/jrc_ut21-1413-003.zarr/recon-1/em/fibsem-uint8
214,file:///nrs/cellmap/bennettd/data/crop_tests/jrc_ut21-1413-003.zarr/crop214,file:///nrs/cellmap/data/jrc_ut21-1413-003/jrc_ut21-1413-003.zarr/recon-1/em/fibsem-uint8
220,file:///nrs/cellmap/bennettd/data/crop_tests/jrc_ut21-1413-003.zarr/crop220,file:///nrs/cellmap/data/jrc_ut21-1413-003/jrc_ut21-1413-003.zarr/recon-1/em/fibsem-uint8
222,file:///nrs/cellmap/bennettd/data/crop_tests/jrc_ut21-1413-003.zarr/crop222,file:///nrs/cellmap/data/jrc_ut21-1413-003/jrc_ut21-1413-003.zarr/recon-1/em/fibsem-uint8
224,file:///nrs/cellmap/bennettd/data/crop_tests/jrc_ut21-1413-003.zarr/crop224,file:///nrs/cellmap/data/jrc_ut21-1413-003/jrc_ut21-1413-003.zarr/recon-1/em/fibsem-uint8
226,file:///nrs/cellmap/bennettd/data/crop_tests/jrc_ut21-1413-003.zarr/crop226,file:///nrs/cellmap/data/jrc_ut21-1413-003/jrc_ut21-1413-003.zarr/recon-1/em/fibsem-uint8
225,file:///nrs/cellmap/bennettd/data/crop_tests/jrc_ut21-1413-003.zarr/crop225,file:///nrs/cellmap/data/jrc_ut21-1413-003/jrc_ut21-1413-003.zarr/recon-1/em/fibsem-uint8
227,file:///nrs/cellmap/bennettd/data/crop_tests/jrc_ut21-1413-003.zarr/crop227,file:///nrs/cellmap/data/jrc_ut21-1413-003/jrc_ut21-1413-003.zarr/recon-1/em/fibsem-uint8
228,file:///nrs/cellmap/bennettd/data/crop_tests/jrc_ut21-1413-003.zarr/crop228,file:///nrs/cellmap/data/jrc_ut21-1413-003/jrc_ut21-1413-003.zarr/recon-1/em/fibsem-uint8
378,file:///nrs/cellmap/bennettd/data/crop_tests/jrc_zf-cardiac-1.zarr/crop378,file:///nrs/cellmap/data/jrc_zf-cardiac-1/jrc_zf-cardiac-1.zarr/recon-1/em/fibsem-uint8
379,file:///nrs/cellmap/bennettd/data/crop_tests/jrc_zf-cardiac-1.zarr/crop379,file:///nrs/cellmap/data/jrc_zf-cardiac-1/jrc_zf-cardiac-1.zarr/recon-1/em/fibsem-uint8
380,file:///nrs/cellmap/bennettd/data/crop_tests/jrc_zf-cardiac-1.zarr/crop380,file:///nrs/cellmap/data/jrc_zf-cardiac-1/jrc_zf-cardiac-1.zarr/recon-1/em/fibsem-uint8
381,file:///nrs/cellmap/bennettd/data/crop_tests/jrc_zf-cardiac-1.zarr/crop381,file:///nrs/cellmap/data/jrc_zf-cardiac-1/jrc_zf-cardiac-1.zarr/recon-1/em/fibsem-uint8
