crop_number,collection,url
crop234,jrc_cos7-1a,https://neuroglancer-demo.appspot.com#!https://cellmap-vm1.int.janelia.org/nrs/ackermand/crop_check_updated_20241211/viewer_states/jrc_cos7-1a/crop234.json
crop236,jrc_cos7-1a,https://neuroglancer-demo.appspot.com#!https://cellmap-vm1.int.janelia.org/nrs/ackermand/crop_check_updated_20241211/viewer_states/jrc_cos7-1a/crop236.json
crop237,jrc_cos7-1a,https://neuroglancer-demo.appspot.com#!https://cellmap-vm1.int.janelia.org/nrs/ackermand/crop_check_updated_20241211/viewer_states/jrc_cos7-1a/crop237.json
crop239,jrc_cos7-1a,https://neuroglancer-demo.appspot.com#!https://cellmap-vm1.int.janelia.org/nrs/ackermand/crop_check_updated_20241211/viewer_states/jrc_cos7-1a/crop239.json
crop243,jrc_cos7-1a,https://neuroglancer-demo.appspot.com#!https://cellmap-vm1.int.janelia.org/nrs/ackermand/crop_check_updated_20241211/viewer_states/jrc_cos7-1a/crop243.json
crop247,jrc_cos7-1a,https://neuroglancer-demo.appspot.com#!https://cellmap-vm1.int.janelia.org/nrs/ackermand/crop_check_updated_20241211/viewer_states/jrc_cos7-1a/crop247.json
crop248,jrc_cos7-1a,https://neuroglancer-demo.appspot.com#!https://cellmap-vm1.int.janelia.org/nrs/ackermand/crop_check_updated_20241211/viewer_states/jrc_cos7-1a/crop248.json
crop252,jrc_cos7-1a,https://neuroglancer-demo.appspot.com#!https://cellmap-vm1.int.janelia.org/nrs/ackermand/crop_check_updated_20241211/viewer_states/jrc_cos7-1a/crop252.json
crop254,jrc_cos7-1a,https://neuroglancer-demo.appspot.com#!https://cellmap-vm1.int.janelia.org/nrs/ackermand/crop_check_updated_20241211/viewer_states/jrc_cos7-1a/crop254.json
crop256,jrc_cos7-1a,https://neuroglancer-demo.appspot.com#!https://cellmap-vm1.int.janelia.org/nrs/ackermand/crop_check_updated_20241211/viewer_states/jrc_cos7-1a/crop256.json
crop257,jrc_cos7-1a,https://neuroglancer-demo.appspot.com#!https://cellmap-vm1.int.janelia.org/nrs/ackermand/crop_check_updated_20241211/viewer_states/jrc_cos7-1a/crop257.json
crop292,jrc_cos7-1a,https://neuroglancer-demo.appspot.com#!https://cellmap-vm1.int.janelia.org/nrs/ackermand/crop_check_updated_20241211/viewer_states/jrc_cos7-1a/crop292.json
crop235,jrc_cos7-1b,https://neuroglancer-demo.appspot.com#!https://cellmap-vm1.int.janelia.org/nrs/ackermand/crop_check_updated_20241211/viewer_states/jrc_cos7-1b/crop235.json
crop238,jrc_cos7-1b,https://neuroglancer-demo.appspot.com#!https://cellmap-vm1.int.janelia.org/nrs/ackermand/crop_check_updated_20241211/viewer_states/jrc_cos7-1b/crop238.json
crop240,jrc_cos7-1b,https://neuroglancer-demo.appspot.com#!https://cellmap-vm1.int.janelia.org/nrs/ackermand/crop_check_updated_20241211/viewer_states/jrc_cos7-1b/crop240.json
crop241,jrc_cos7-1b,https://neuroglancer-demo.appspot.com#!https://cellmap-vm1.int.janelia.org/nrs/ackermand/crop_check_updated_20241211/viewer_states/jrc_cos7-1b/crop241.json
crop242,jrc_cos7-1b,https://neuroglancer-demo.appspot.com#!https://cellmap-vm1.int.janelia.org/nrs/ackermand/crop_check_updated_20241211/viewer_states/jrc_cos7-1b/crop242.json
crop245,jrc_cos7-1b,https://neuroglancer-demo.appspot.com#!https://cellmap-vm1.int.janelia.org/nrs/ackermand/crop_check_updated_20241211/viewer_states/jrc_cos7-1b/crop245.json
crop249,jrc_cos7-1b,https://neuroglancer-demo.appspot.com#!https://cellmap-vm1.int.janelia.org/nrs/ackermand/crop_check_updated_20241211/viewer_states/jrc_cos7-1b/crop249.json
crop255,jrc_cos7-1b,https://neuroglancer-demo.appspot.com#!https://cellmap-vm1.int.janelia.org/nrs/ackermand/crop_check_updated_20241211/viewer_states/jrc_cos7-1b/crop255.json
crop258,jrc_cos7-1b,https://neuroglancer-demo.appspot.com#!https://cellmap-vm1.int.janelia.org/nrs/ackermand/crop_check_updated_20241211/viewer_states/jrc_cos7-1b/crop258.json
crop259,jrc_cos7-1b,https://neuroglancer-demo.appspot.com#!https://cellmap-vm1.int.janelia.org/nrs/ackermand/crop_check_updated_20241211/viewer_states/jrc_cos7-1b/crop259.json
crop291,jrc_cos7-1b,https://neuroglancer-demo.appspot.com#!https://cellmap-vm1.int.janelia.org/nrs/ackermand/crop_check_updated_20241211/viewer_states/jrc_cos7-1b/crop291.json
crop116,jrc_ctl-id8-1,https://neuroglancer-demo.appspot.com#!https://cellmap-vm1.int.janelia.org/nrs/ackermand/crop_check_updated_20241211/viewer_states/jrc_ctl-id8-1/crop116.json
crop117,jrc_ctl-id8-1,https://neuroglancer-demo.appspot.com#!https://cellmap-vm1.int.janelia.org/nrs/ackermand/crop_check_updated_20241211/viewer_states/jrc_ctl-id8-1/crop117.json
crop118,jrc_ctl-id8-1,https://neuroglancer-demo.appspot.com#!https://cellmap-vm1.int.janelia.org/nrs/ackermand/crop_check_updated_20241211/viewer_states/jrc_ctl-id8-1/crop118.json
crop119,jrc_ctl-id8-1,https://neuroglancer-demo.appspot.com#!https://cellmap-vm1.int.janelia.org/nrs/ackermand/crop_check_updated_20241211/viewer_states/jrc_ctl-id8-1/crop119.json
crop130,jrc_ctl-id8-1,https://neuroglancer-demo.appspot.com#!https://cellmap-vm1.int.janelia.org/nrs/ackermand/crop_check_updated_20241211/viewer_states/jrc_ctl-id8-1/crop130.json
crop120,jrc_fly-mb-1a,https://neuroglancer-demo.appspot.com#!https://cellmap-vm1.int.janelia.org/nrs/ackermand/crop_check_updated_20241211/viewer_states/jrc_fly-mb-1a/crop120.json
crop121,jrc_fly-mb-1a,https://neuroglancer-demo.appspot.com#!https://cellmap-vm1.int.janelia.org/nrs/ackermand/crop_check_updated_20241211/viewer_states/jrc_fly-mb-1a/crop121.json
crop122,jrc_fly-mb-1a,https://neuroglancer-demo.appspot.com#!https://cellmap-vm1.int.janelia.org/nrs/ackermand/crop_check_updated_20241211/viewer_states/jrc_fly-mb-1a/crop122.json
crop123,jrc_fly-mb-1a,https://neuroglancer-demo.appspot.com#!https://cellmap-vm1.int.janelia.org/nrs/ackermand/crop_check_updated_20241211/viewer_states/jrc_fly-mb-1a/crop123.json
crop134,jrc_fly-mb-1a,https://neuroglancer-demo.appspot.com#!https://cellmap-vm1.int.janelia.org/nrs/ackermand/crop_check_updated_20241211/viewer_states/jrc_fly-mb-1a/crop134.json
crop178,jrc_fly-mb-1a,https://neuroglancer-demo.appspot.com#!https://cellmap-vm1.int.janelia.org/nrs/ackermand/crop_check_updated_20241211/viewer_states/jrc_fly-mb-1a/crop178.json
crop78,jrc_fly-vnc-1,https://neuroglancer-demo.appspot.com#!https://cellmap-vm1.int.janelia.org/nrs/ackermand/crop_check_updated_20241211/viewer_states/jrc_fly-vnc-1/crop78.json
crop79,jrc_fly-vnc-1,https://neuroglancer-demo.appspot.com#!https://cellmap-vm1.int.janelia.org/nrs/ackermand/crop_check_updated_20241211/viewer_states/jrc_fly-vnc-1/crop79.json
crop173,jrc_fly-vnc-1,https://neuroglancer-demo.appspot.com#!https://cellmap-vm1.int.janelia.org/nrs/ackermand/crop_check_updated_20241211/viewer_states/jrc_fly-vnc-1/crop173.json
crop174,jrc_fly-vnc-1,https://neuroglancer-demo.appspot.com#!https://cellmap-vm1.int.janelia.org/nrs/ackermand/crop_check_updated_20241211/viewer_states/jrc_fly-vnc-1/crop174.json
crop176,jrc_fly-vnc-1,https://neuroglancer-demo.appspot.com#!https://cellmap-vm1.int.janelia.org/nrs/ackermand/crop_check_updated_20241211/viewer_states/jrc_fly-vnc-1/crop176.json
crop185,jrc_fly-vnc-1,https://neuroglancer-demo.appspot.com#!https://cellmap-vm1.int.janelia.org/nrs/ackermand/crop_check_updated_20241211/viewer_states/jrc_fly-vnc-1/crop185.json
crop1,jrc_hela-2,https://neuroglancer-demo.appspot.com#!https://cellmap-vm1.int.janelia.org/nrs/ackermand/crop_check_updated_20241211/viewer_states/jrc_hela-2/crop1.json
crop3,jrc_hela-2,https://neuroglancer-demo.appspot.com#!https://cellmap-vm1.int.janelia.org/nrs/ackermand/crop_check_updated_20241211/viewer_states/jrc_hela-2/crop3.json
crop4,jrc_hela-2,https://neuroglancer-demo.appspot.com#!https://cellmap-vm1.int.janelia.org/nrs/ackermand/crop_check_updated_20241211/viewer_states/jrc_hela-2/crop4.json
crop6,jrc_hela-2,https://neuroglancer-demo.appspot.com#!https://cellmap-vm1.int.janelia.org/nrs/ackermand/crop_check_updated_20241211/viewer_states/jrc_hela-2/crop6.json
crop7,jrc_hela-2,https://neuroglancer-demo.appspot.com#!https://cellmap-vm1.int.janelia.org/nrs/ackermand/crop_check_updated_20241211/viewer_states/jrc_hela-2/crop7.json
crop8,jrc_hela-2,https://neuroglancer-demo.appspot.com#!https://cellmap-vm1.int.janelia.org/nrs/ackermand/crop_check_updated_20241211/viewer_states/jrc_hela-2/crop8.json
crop9,jrc_hela-2,https://neuroglancer-demo.appspot.com#!https://cellmap-vm1.int.janelia.org/nrs/ackermand/crop_check_updated_20241211/viewer_states/jrc_hela-2/crop9.json
crop13,jrc_hela-2,https://neuroglancer-demo.appspot.com#!https://cellmap-vm1.int.janelia.org/nrs/ackermand/crop_check_updated_20241211/viewer_states/jrc_hela-2/crop13.json
crop14,jrc_hela-2,https://neuroglancer-demo.appspot.com#!https://cellmap-vm1.int.janelia.org/nrs/ackermand/crop_check_updated_20241211/viewer_states/jrc_hela-2/crop14.json
crop15,jrc_hela-2,https://neuroglancer-demo.appspot.com#!https://cellmap-vm1.int.janelia.org/nrs/ackermand/crop_check_updated_20241211/viewer_states/jrc_hela-2/crop15.json
crop16,jrc_hela-2,https://neuroglancer-demo.appspot.com#!https://cellmap-vm1.int.janelia.org/nrs/ackermand/crop_check_updated_20241211/viewer_states/jrc_hela-2/crop16.json
crop18,jrc_hela-2,https://neuroglancer-demo.appspot.com#!https://cellmap-vm1.int.janelia.org/nrs/ackermand/crop_check_updated_20241211/viewer_states/jrc_hela-2/crop18.json
crop19,jrc_hela-2,https://neuroglancer-demo.appspot.com#!https://cellmap-vm1.int.janelia.org/nrs/ackermand/crop_check_updated_20241211/viewer_states/jrc_hela-2/crop19.json
crop23,jrc_hela-2,https://neuroglancer-demo.appspot.com#!https://cellmap-vm1.int.janelia.org/nrs/ackermand/crop_check_updated_20241211/viewer_states/jrc_hela-2/crop23.json
crop28,jrc_hela-2,https://neuroglancer-demo.appspot.com#!https://cellmap-vm1.int.janelia.org/nrs/ackermand/crop_check_updated_20241211/viewer_states/jrc_hela-2/crop28.json
crop54,jrc_hela-2,https://neuroglancer-demo.appspot.com#!https://cellmap-vm1.int.janelia.org/nrs/ackermand/crop_check_updated_20241211/viewer_states/jrc_hela-2/crop54.json
crop55,jrc_hela-2,https://neuroglancer-demo.appspot.com#!https://cellmap-vm1.int.janelia.org/nrs/ackermand/crop_check_updated_20241211/viewer_states/jrc_hela-2/crop55.json
crop56,jrc_hela-2,https://neuroglancer-demo.appspot.com#!https://cellmap-vm1.int.janelia.org/nrs/ackermand/crop_check_updated_20241211/viewer_states/jrc_hela-2/crop56.json
crop57,jrc_hela-2,https://neuroglancer-demo.appspot.com#!https://cellmap-vm1.int.janelia.org/nrs/ackermand/crop_check_updated_20241211/viewer_states/jrc_hela-2/crop57.json
crop58,jrc_hela-2,https://neuroglancer-demo.appspot.com#!https://cellmap-vm1.int.janelia.org/nrs/ackermand/crop_check_updated_20241211/viewer_states/jrc_hela-2/crop58.json
crop59,jrc_hela-2,https://neuroglancer-demo.appspot.com#!https://cellmap-vm1.int.janelia.org/nrs/ackermand/crop_check_updated_20241211/viewer_states/jrc_hela-2/crop59.json
crop94,jrc_hela-2,https://neuroglancer-demo.appspot.com#!https://cellmap-vm1.int.janelia.org/nrs/ackermand/crop_check_updated_20241211/viewer_states/jrc_hela-2/crop94.json
crop95,jrc_hela-2,https://neuroglancer-demo.appspot.com#!https://cellmap-vm1.int.janelia.org/nrs/ackermand/crop_check_updated_20241211/viewer_states/jrc_hela-2/crop95.json
crop96,jrc_hela-2,https://neuroglancer-demo.appspot.com#!https://cellmap-vm1.int.janelia.org/nrs/ackermand/crop_check_updated_20241211/viewer_states/jrc_hela-2/crop96.json
crop113,jrc_hela-2,https://neuroglancer-demo.appspot.com#!https://cellmap-vm1.int.janelia.org/nrs/ackermand/crop_check_updated_20241211/viewer_states/jrc_hela-2/crop113.json
crop155,jrc_hela-2,https://neuroglancer-demo.appspot.com#!https://cellmap-vm1.int.janelia.org/nrs/ackermand/crop_check_updated_20241211/viewer_states/jrc_hela-2/crop155.json
crop27,jrc_hela-3,https://neuroglancer-demo.appspot.com#!https://cellmap-vm1.int.janelia.org/nrs/ackermand/crop_check_updated_20241211/viewer_states/jrc_hela-3/crop27.json
crop33,jrc_hela-3,https://neuroglancer-demo.appspot.com#!https://cellmap-vm1.int.janelia.org/nrs/ackermand/crop_check_updated_20241211/viewer_states/jrc_hela-3/crop33.json
crop34,jrc_hela-3,https://neuroglancer-demo.appspot.com#!https://cellmap-vm1.int.janelia.org/nrs/ackermand/crop_check_updated_20241211/viewer_states/jrc_hela-3/crop34.json
crop50,jrc_hela-3,https://neuroglancer-demo.appspot.com#!https://cellmap-vm1.int.janelia.org/nrs/ackermand/crop_check_updated_20241211/viewer_states/jrc_hela-3/crop50.json
crop51,jrc_hela-3,https://neuroglancer-demo.appspot.com#!https://cellmap-vm1.int.janelia.org/nrs/ackermand/crop_check_updated_20241211/viewer_states/jrc_hela-3/crop51.json
crop60,jrc_hela-3,https://neuroglancer-demo.appspot.com#!https://cellmap-vm1.int.janelia.org/nrs/ackermand/crop_check_updated_20241211/viewer_states/jrc_hela-3/crop60.json
crop61,jrc_hela-3,https://neuroglancer-demo.appspot.com#!https://cellmap-vm1.int.janelia.org/nrs/ackermand/crop_check_updated_20241211/viewer_states/jrc_hela-3/crop61.json
crop62,jrc_hela-3,https://neuroglancer-demo.appspot.com#!https://cellmap-vm1.int.janelia.org/nrs/ackermand/crop_check_updated_20241211/viewer_states/jrc_hela-3/crop62.json
crop63,jrc_hela-3,https://neuroglancer-demo.appspot.com#!https://cellmap-vm1.int.janelia.org/nrs/ackermand/crop_check_updated_20241211/viewer_states/jrc_hela-3/crop63.json
crop64,jrc_hela-3,https://neuroglancer-demo.appspot.com#!https://cellmap-vm1.int.janelia.org/nrs/ackermand/crop_check_updated_20241211/viewer_states/jrc_hela-3/crop64.json
crop65,jrc_hela-3,https://neuroglancer-demo.appspot.com#!https://cellmap-vm1.int.janelia.org/nrs/ackermand/crop_check_updated_20241211/viewer_states/jrc_hela-3/crop65.json
crop85,jrc_hela-3,https://neuroglancer-demo.appspot.com#!https://cellmap-vm1.int.janelia.org/nrs/ackermand/crop_check_updated_20241211/viewer_states/jrc_hela-3/crop85.json
crop86,jrc_hela-3,https://neuroglancer-demo.appspot.com#!https://cellmap-vm1.int.janelia.org/nrs/ackermand/crop_check_updated_20241211/viewer_states/jrc_hela-3/crop86.json
crop87,jrc_hela-3,https://neuroglancer-demo.appspot.com#!https://cellmap-vm1.int.janelia.org/nrs/ackermand/crop_check_updated_20241211/viewer_states/jrc_hela-3/crop87.json
crop100,jrc_hela-3,https://neuroglancer-demo.appspot.com#!https://cellmap-vm1.int.janelia.org/nrs/ackermand/crop_check_updated_20241211/viewer_states/jrc_hela-3/crop100.json
crop101,jrc_hela-3,https://neuroglancer-demo.appspot.com#!https://cellmap-vm1.int.janelia.org/nrs/ackermand/crop_check_updated_20241211/viewer_states/jrc_hela-3/crop101.json
crop102,jrc_hela-3,https://neuroglancer-demo.appspot.com#!https://cellmap-vm1.int.janelia.org/nrs/ackermand/crop_check_updated_20241211/viewer_states/jrc_hela-3/crop102.json
crop111,jrc_hela-3,https://neuroglancer-demo.appspot.com#!https://cellmap-vm1.int.janelia.org/nrs/ackermand/crop_check_updated_20241211/viewer_states/jrc_hela-3/crop111.json
crop181,jrc_hela-3,https://neuroglancer-demo.appspot.com#!https://cellmap-vm1.int.janelia.org/nrs/ackermand/crop_check_updated_20241211/viewer_states/jrc_hela-3/crop181.json
crop35,jrc_jurkat-1,https://neuroglancer-demo.appspot.com#!https://cellmap-vm1.int.janelia.org/nrs/ackermand/crop_check_updated_20241211/viewer_states/jrc_jurkat-1/crop35.json
crop36,jrc_jurkat-1,https://neuroglancer-demo.appspot.com#!https://cellmap-vm1.int.janelia.org/nrs/ackermand/crop_check_updated_20241211/viewer_states/jrc_jurkat-1/crop36.json
crop37,jrc_jurkat-1,https://neuroglancer-demo.appspot.com#!https://cellmap-vm1.int.janelia.org/nrs/ackermand/crop_check_updated_20241211/viewer_states/jrc_jurkat-1/crop37.json
crop38,jrc_jurkat-1,https://neuroglancer-demo.appspot.com#!https://cellmap-vm1.int.janelia.org/nrs/ackermand/crop_check_updated_20241211/viewer_states/jrc_jurkat-1/crop38.json
crop43,jrc_jurkat-1,https://neuroglancer-demo.appspot.com#!https://cellmap-vm1.int.janelia.org/nrs/ackermand/crop_check_updated_20241211/viewer_states/jrc_jurkat-1/crop43.json
crop47,jrc_jurkat-1,https://neuroglancer-demo.appspot.com#!https://cellmap-vm1.int.janelia.org/nrs/ackermand/crop_check_updated_20241211/viewer_states/jrc_jurkat-1/crop47.json
crop66,jrc_jurkat-1,https://neuroglancer-demo.appspot.com#!https://cellmap-vm1.int.janelia.org/nrs/ackermand/crop_check_updated_20241211/viewer_states/jrc_jurkat-1/crop66.json
crop67,jrc_jurkat-1,https://neuroglancer-demo.appspot.com#!https://cellmap-vm1.int.janelia.org/nrs/ackermand/crop_check_updated_20241211/viewer_states/jrc_jurkat-1/crop67.json
crop68,jrc_jurkat-1,https://neuroglancer-demo.appspot.com#!https://cellmap-vm1.int.janelia.org/nrs/ackermand/crop_check_updated_20241211/viewer_states/jrc_jurkat-1/crop68.json
crop69,jrc_jurkat-1,https://neuroglancer-demo.appspot.com#!https://cellmap-vm1.int.janelia.org/nrs/ackermand/crop_check_updated_20241211/viewer_states/jrc_jurkat-1/crop69.json
crop70,jrc_jurkat-1,https://neuroglancer-demo.appspot.com#!https://cellmap-vm1.int.janelia.org/nrs/ackermand/crop_check_updated_20241211/viewer_states/jrc_jurkat-1/crop70.json
crop71,jrc_jurkat-1,https://neuroglancer-demo.appspot.com#!https://cellmap-vm1.int.janelia.org/nrs/ackermand/crop_check_updated_20241211/viewer_states/jrc_jurkat-1/crop71.json
crop91,jrc_jurkat-1,https://neuroglancer-demo.appspot.com#!https://cellmap-vm1.int.janelia.org/nrs/ackermand/crop_check_updated_20241211/viewer_states/jrc_jurkat-1/crop91.json
crop92,jrc_jurkat-1,https://neuroglancer-demo.appspot.com#!https://cellmap-vm1.int.janelia.org/nrs/ackermand/crop_check_updated_20241211/viewer_states/jrc_jurkat-1/crop92.json
crop93,jrc_jurkat-1,https://neuroglancer-demo.appspot.com#!https://cellmap-vm1.int.janelia.org/nrs/ackermand/crop_check_updated_20241211/viewer_states/jrc_jurkat-1/crop93.json
crop107,jrc_jurkat-1,https://neuroglancer-demo.appspot.com#!https://cellmap-vm1.int.janelia.org/nrs/ackermand/crop_check_updated_20241211/viewer_states/jrc_jurkat-1/crop107.json
crop112,jrc_jurkat-1,https://neuroglancer-demo.appspot.com#!https://cellmap-vm1.int.janelia.org/nrs/ackermand/crop_check_updated_20241211/viewer_states/jrc_jurkat-1/crop112.json
crop126,jrc_jurkat-1,https://neuroglancer-demo.appspot.com#!https://cellmap-vm1.int.janelia.org/nrs/ackermand/crop_check_updated_20241211/viewer_states/jrc_jurkat-1/crop126.json
crop180,jrc_jurkat-1,https://neuroglancer-demo.appspot.com#!https://cellmap-vm1.int.janelia.org/nrs/ackermand/crop_check_updated_20241211/viewer_states/jrc_jurkat-1/crop180.json
crop182,jrc_jurkat-1,https://neuroglancer-demo.appspot.com#!https://cellmap-vm1.int.janelia.org/nrs/ackermand/crop_check_updated_20241211/viewer_states/jrc_jurkat-1/crop182.json
crop31,jrc_macrophage-2,https://neuroglancer-demo.appspot.com#!https://cellmap-vm1.int.janelia.org/nrs/ackermand/crop_check_updated_20241211/viewer_states/jrc_macrophage-2/crop31.json
crop32,jrc_macrophage-2,https://neuroglancer-demo.appspot.com#!https://cellmap-vm1.int.janelia.org/nrs/ackermand/crop_check_updated_20241211/viewer_states/jrc_macrophage-2/crop32.json
crop39,jrc_macrophage-2,https://neuroglancer-demo.appspot.com#!https://cellmap-vm1.int.janelia.org/nrs/ackermand/crop_check_updated_20241211/viewer_states/jrc_macrophage-2/crop39.json
crop40,jrc_macrophage-2,https://neuroglancer-demo.appspot.com#!https://cellmap-vm1.int.janelia.org/nrs/ackermand/crop_check_updated_20241211/viewer_states/jrc_macrophage-2/crop40.json
crop42,jrc_macrophage-2,https://neuroglancer-demo.appspot.com#!https://cellmap-vm1.int.janelia.org/nrs/ackermand/crop_check_updated_20241211/viewer_states/jrc_macrophage-2/crop42.json
crop48,jrc_macrophage-2,https://neuroglancer-demo.appspot.com#!https://cellmap-vm1.int.janelia.org/nrs/ackermand/crop_check_updated_20241211/viewer_states/jrc_macrophage-2/crop48.json
crop49,jrc_macrophage-2,https://neuroglancer-demo.appspot.com#!https://cellmap-vm1.int.janelia.org/nrs/ackermand/crop_check_updated_20241211/viewer_states/jrc_macrophage-2/crop49.json
crop72,jrc_macrophage-2,https://neuroglancer-demo.appspot.com#!https://cellmap-vm1.int.janelia.org/nrs/ackermand/crop_check_updated_20241211/viewer_states/jrc_macrophage-2/crop72.json
crop73,jrc_macrophage-2,https://neuroglancer-demo.appspot.com#!https://cellmap-vm1.int.janelia.org/nrs/ackermand/crop_check_updated_20241211/viewer_states/jrc_macrophage-2/crop73.json
crop74,jrc_macrophage-2,https://neuroglancer-demo.appspot.com#!https://cellmap-vm1.int.janelia.org/nrs/ackermand/crop_check_updated_20241211/viewer_states/jrc_macrophage-2/crop74.json
crop75,jrc_macrophage-2,https://neuroglancer-demo.appspot.com#!https://cellmap-vm1.int.janelia.org/nrs/ackermand/crop_check_updated_20241211/viewer_states/jrc_macrophage-2/crop75.json
crop76,jrc_macrophage-2,https://neuroglancer-demo.appspot.com#!https://cellmap-vm1.int.janelia.org/nrs/ackermand/crop_check_updated_20241211/viewer_states/jrc_macrophage-2/crop76.json
crop77,jrc_macrophage-2,https://neuroglancer-demo.appspot.com#!https://cellmap-vm1.int.janelia.org/nrs/ackermand/crop_check_updated_20241211/viewer_states/jrc_macrophage-2/crop77.json
crop88,jrc_macrophage-2,https://neuroglancer-demo.appspot.com#!https://cellmap-vm1.int.janelia.org/nrs/ackermand/crop_check_updated_20241211/viewer_states/jrc_macrophage-2/crop88.json
crop89,jrc_macrophage-2,https://neuroglancer-demo.appspot.com#!https://cellmap-vm1.int.janelia.org/nrs/ackermand/crop_check_updated_20241211/viewer_states/jrc_macrophage-2/crop89.json
crop90,jrc_macrophage-2,https://neuroglancer-demo.appspot.com#!https://cellmap-vm1.int.janelia.org/nrs/ackermand/crop_check_updated_20241211/viewer_states/jrc_macrophage-2/crop90.json
crop109,jrc_macrophage-2,https://neuroglancer-demo.appspot.com#!https://cellmap-vm1.int.janelia.org/nrs/ackermand/crop_check_updated_20241211/viewer_states/jrc_macrophage-2/crop109.json
crop110,jrc_macrophage-2,https://neuroglancer-demo.appspot.com#!https://cellmap-vm1.int.janelia.org/nrs/ackermand/crop_check_updated_20241211/viewer_states/jrc_macrophage-2/crop110.json
crop423,jrc_mus-heart-1,https://neuroglancer-demo.appspot.com#!https://cellmap-vm1.int.janelia.org/nrs/ackermand/crop_check_updated_20241211/viewer_states/jrc_mus-heart-1/crop423.json
crop452,jrc_mus-heart-1,https://neuroglancer-demo.appspot.com#!https://cellmap-vm1.int.janelia.org/nrs/ackermand/crop_check_updated_20241211/viewer_states/jrc_mus-heart-1/crop452.json
crop129,jrc_mus-kidney,https://neuroglancer-demo.appspot.com#!https://cellmap-vm1.int.janelia.org/nrs/ackermand/crop_check_updated_20241211/viewer_states/jrc_mus-kidney/crop129.json
crop140,jrc_mus-kidney,https://neuroglancer-demo.appspot.com#!https://cellmap-vm1.int.janelia.org/nrs/ackermand/crop_check_updated_20241211/viewer_states/jrc_mus-kidney/crop140.json
crop141,jrc_mus-kidney,https://neuroglancer-demo.appspot.com#!https://cellmap-vm1.int.janelia.org/nrs/ackermand/crop_check_updated_20241211/viewer_states/jrc_mus-kidney/crop141.json
crop146,jrc_mus-kidney,https://neuroglancer-demo.appspot.com#!https://cellmap-vm1.int.janelia.org/nrs/ackermand/crop_check_updated_20241211/viewer_states/jrc_mus-kidney/crop146.json
crop147,jrc_mus-kidney,https://neuroglancer-demo.appspot.com#!https://cellmap-vm1.int.janelia.org/nrs/ackermand/crop_check_updated_20241211/viewer_states/jrc_mus-kidney/crop147.json
crop148,jrc_mus-kidney,https://neuroglancer-demo.appspot.com#!https://cellmap-vm1.int.janelia.org/nrs/ackermand/crop_check_updated_20241211/viewer_states/jrc_mus-kidney/crop148.json
crop149,jrc_mus-kidney,https://neuroglancer-demo.appspot.com#!https://cellmap-vm1.int.janelia.org/nrs/ackermand/crop_check_updated_20241211/viewer_states/jrc_mus-kidney/crop149.json
crop156,jrc_mus-kidney,https://neuroglancer-demo.appspot.com#!https://cellmap-vm1.int.janelia.org/nrs/ackermand/crop_check_updated_20241211/viewer_states/jrc_mus-kidney/crop156.json
crop158,jrc_mus-kidney,https://neuroglancer-demo.appspot.com#!https://cellmap-vm1.int.janelia.org/nrs/ackermand/crop_check_updated_20241211/viewer_states/jrc_mus-kidney/crop158.json
crop159,jrc_mus-kidney,https://neuroglancer-demo.appspot.com#!https://cellmap-vm1.int.janelia.org/nrs/ackermand/crop_check_updated_20241211/viewer_states/jrc_mus-kidney/crop159.json
crop160,jrc_mus-kidney,https://neuroglancer-demo.appspot.com#!https://cellmap-vm1.int.janelia.org/nrs/ackermand/crop_check_updated_20241211/viewer_states/jrc_mus-kidney/crop160.json
crop161,jrc_mus-kidney,https://neuroglancer-demo.appspot.com#!https://cellmap-vm1.int.janelia.org/nrs/ackermand/crop_check_updated_20241211/viewer_states/jrc_mus-kidney/crop161.json
crop162,jrc_mus-kidney,https://neuroglancer-demo.appspot.com#!https://cellmap-vm1.int.janelia.org/nrs/ackermand/crop_check_updated_20241211/viewer_states/jrc_mus-kidney/crop162.json
crop163,jrc_mus-kidney,https://neuroglancer-demo.appspot.com#!https://cellmap-vm1.int.janelia.org/nrs/ackermand/crop_check_updated_20241211/viewer_states/jrc_mus-kidney/crop163.json
crop164,jrc_mus-kidney,https://neuroglancer-demo.appspot.com#!https://cellmap-vm1.int.janelia.org/nrs/ackermand/crop_check_updated_20241211/viewer_states/jrc_mus-kidney/crop164.json
crop165,jrc_mus-kidney,https://neuroglancer-demo.appspot.com#!https://cellmap-vm1.int.janelia.org/nrs/ackermand/crop_check_updated_20241211/viewer_states/jrc_mus-kidney/crop165.json
crop166,jrc_mus-kidney,https://neuroglancer-demo.appspot.com#!https://cellmap-vm1.int.janelia.org/nrs/ackermand/crop_check_updated_20241211/viewer_states/jrc_mus-kidney/crop166.json
crop179,jrc_mus-kidney,https://neuroglancer-demo.appspot.com#!https://cellmap-vm1.int.janelia.org/nrs/ackermand/crop_check_updated_20241211/viewer_states/jrc_mus-kidney/crop179.json
crop184,jrc_mus-kidney,https://neuroglancer-demo.appspot.com#!https://cellmap-vm1.int.janelia.org/nrs/ackermand/crop_check_updated_20241211/viewer_states/jrc_mus-kidney/crop184.json
crop221,jrc_mus-kidney,https://neuroglancer-demo.appspot.com#!https://cellmap-vm1.int.janelia.org/nrs/ackermand/crop_check_updated_20241211/viewer_states/jrc_mus-kidney/crop221.json
crop229,jrc_mus-kidney,https://neuroglancer-demo.appspot.com#!https://cellmap-vm1.int.janelia.org/nrs/ackermand/crop_check_updated_20241211/viewer_states/jrc_mus-kidney/crop229.json
crop230,jrc_mus-kidney,https://neuroglancer-demo.appspot.com#!https://cellmap-vm1.int.janelia.org/nrs/ackermand/crop_check_updated_20241211/viewer_states/jrc_mus-kidney/crop230.json
crop231,jrc_mus-kidney,https://neuroglancer-demo.appspot.com#!https://cellmap-vm1.int.janelia.org/nrs/ackermand/crop_check_updated_20241211/viewer_states/jrc_mus-kidney/crop231.json
crop472,jrc_mus-kidney-3,https://neuroglancer-demo.appspot.com#!https://cellmap-vm1.int.janelia.org/nrs/ackermand/crop_check_updated_20241211/viewer_states/jrc_mus-kidney-3/crop472.json
crop421,jrc_mus-kidney-glomerulus-2,https://neuroglancer-demo.appspot.com#!https://cellmap-vm1.int.janelia.org/nrs/ackermand/crop_check_updated_20241211/viewer_states/jrc_mus-kidney-glomerulus-2/crop421.json
crop124,jrc_mus-liver,https://neuroglancer-demo.appspot.com#!https://cellmap-vm1.int.janelia.org/nrs/ackermand/crop_check_updated_20241211/viewer_states/jrc_mus-liver/crop124.json
crop125,jrc_mus-liver,https://neuroglancer-demo.appspot.com#!https://cellmap-vm1.int.janelia.org/nrs/ackermand/crop_check_updated_20241211/viewer_states/jrc_mus-liver/crop125.json
crop131,jrc_mus-liver,https://neuroglancer-demo.appspot.com#!https://cellmap-vm1.int.janelia.org/nrs/ackermand/crop_check_updated_20241211/viewer_states/jrc_mus-liver/crop131.json
crop132,jrc_mus-liver,https://neuroglancer-demo.appspot.com#!https://cellmap-vm1.int.janelia.org/nrs/ackermand/crop_check_updated_20241211/viewer_states/jrc_mus-liver/crop132.json
crop133,jrc_mus-liver,https://neuroglancer-demo.appspot.com#!https://cellmap-vm1.int.janelia.org/nrs/ackermand/crop_check_updated_20241211/viewer_states/jrc_mus-liver/crop133.json
crop135,jrc_mus-liver,https://neuroglancer-demo.appspot.com#!https://cellmap-vm1.int.janelia.org/nrs/ackermand/crop_check_updated_20241211/viewer_states/jrc_mus-liver/crop135.json
crop136,jrc_mus-liver,https://neuroglancer-demo.appspot.com#!https://cellmap-vm1.int.janelia.org/nrs/ackermand/crop_check_updated_20241211/viewer_states/jrc_mus-liver/crop136.json
crop137,jrc_mus-liver,https://neuroglancer-demo.appspot.com#!https://cellmap-vm1.int.janelia.org/nrs/ackermand/crop_check_updated_20241211/viewer_states/jrc_mus-liver/crop137.json
crop138,jrc_mus-liver,https://neuroglancer-demo.appspot.com#!https://cellmap-vm1.int.janelia.org/nrs/ackermand/crop_check_updated_20241211/viewer_states/jrc_mus-liver/crop138.json
crop139,jrc_mus-liver,https://neuroglancer-demo.appspot.com#!https://cellmap-vm1.int.janelia.org/nrs/ackermand/crop_check_updated_20241211/viewer_states/jrc_mus-liver/crop139.json
crop142,jrc_mus-liver,https://neuroglancer-demo.appspot.com#!https://cellmap-vm1.int.janelia.org/nrs/ackermand/crop_check_updated_20241211/viewer_states/jrc_mus-liver/crop142.json
crop143,jrc_mus-liver,https://neuroglancer-demo.appspot.com#!https://cellmap-vm1.int.janelia.org/nrs/ackermand/crop_check_updated_20241211/viewer_states/jrc_mus-liver/crop143.json
crop144,jrc_mus-liver,https://neuroglancer-demo.appspot.com#!https://cellmap-vm1.int.janelia.org/nrs/ackermand/crop_check_updated_20241211/viewer_states/jrc_mus-liver/crop144.json
crop145,jrc_mus-liver,https://neuroglancer-demo.appspot.com#!https://cellmap-vm1.int.janelia.org/nrs/ackermand/crop_check_updated_20241211/viewer_states/jrc_mus-liver/crop145.json
crop150,jrc_mus-liver,https://neuroglancer-demo.appspot.com#!https://cellmap-vm1.int.janelia.org/nrs/ackermand/crop_check_updated_20241211/viewer_states/jrc_mus-liver/crop150.json
crop151,jrc_mus-liver,https://neuroglancer-demo.appspot.com#!https://cellmap-vm1.int.janelia.org/nrs/ackermand/crop_check_updated_20241211/viewer_states/jrc_mus-liver/crop151.json
crop157,jrc_mus-liver,https://neuroglancer-demo.appspot.com#!https://cellmap-vm1.int.janelia.org/nrs/ackermand/crop_check_updated_20241211/viewer_states/jrc_mus-liver/crop157.json
crop171,jrc_mus-liver,https://neuroglancer-demo.appspot.com#!https://cellmap-vm1.int.janelia.org/nrs/ackermand/crop_check_updated_20241211/viewer_states/jrc_mus-liver/crop171.json
crop172,jrc_mus-liver,https://neuroglancer-demo.appspot.com#!https://cellmap-vm1.int.janelia.org/nrs/ackermand/crop_check_updated_20241211/viewer_states/jrc_mus-liver/crop172.json
crop175,jrc_mus-liver,https://neuroglancer-demo.appspot.com#!https://cellmap-vm1.int.janelia.org/nrs/ackermand/crop_check_updated_20241211/viewer_states/jrc_mus-liver/crop175.json
crop177,jrc_mus-liver,https://neuroglancer-demo.appspot.com#!https://cellmap-vm1.int.janelia.org/nrs/ackermand/crop_check_updated_20241211/viewer_states/jrc_mus-liver/crop177.json
crop183,jrc_mus-liver,https://neuroglancer-demo.appspot.com#!https://cellmap-vm1.int.janelia.org/nrs/ackermand/crop_check_updated_20241211/viewer_states/jrc_mus-liver/crop183.json
crop416,jrc_mus-liver,https://neuroglancer-demo.appspot.com#!https://cellmap-vm1.int.janelia.org/nrs/ackermand/crop_check_updated_20241211/viewer_states/jrc_mus-liver/crop416.json
crop417,jrc_mus-liver,https://neuroglancer-demo.appspot.com#!https://cellmap-vm1.int.janelia.org/nrs/ackermand/crop_check_updated_20241211/viewer_states/jrc_mus-liver/crop417.json
crop473,jrc_mus-liver-3,https://neuroglancer-demo.appspot.com#!https://cellmap-vm1.int.janelia.org/nrs/ackermand/crop_check_updated_20241211/viewer_states/jrc_mus-liver-3/crop473.json
crop266,jrc_mus-liver-zon-1,https://neuroglancer-demo.appspot.com#!https://cellmap-vm1.int.janelia.org/nrs/ackermand/crop_check_updated_20241211/viewer_states/jrc_mus-liver-zon-1/crop266.json
crop267,jrc_mus-liver-zon-1,https://neuroglancer-demo.appspot.com#!https://cellmap-vm1.int.janelia.org/nrs/ackermand/crop_check_updated_20241211/viewer_states/jrc_mus-liver-zon-1/crop267.json
crop268,jrc_mus-liver-zon-1,https://neuroglancer-demo.appspot.com#!https://cellmap-vm1.int.janelia.org/nrs/ackermand/crop_check_updated_20241211/viewer_states/jrc_mus-liver-zon-1/crop268.json
crop269,jrc_mus-liver-zon-1,https://neuroglancer-demo.appspot.com#!https://cellmap-vm1.int.janelia.org/nrs/ackermand/crop_check_updated_20241211/viewer_states/jrc_mus-liver-zon-1/crop269.json
crop270,jrc_mus-liver-zon-1,https://neuroglancer-demo.appspot.com#!https://cellmap-vm1.int.janelia.org/nrs/ackermand/crop_check_updated_20241211/viewer_states/jrc_mus-liver-zon-1/crop270.json
crop272,jrc_mus-liver-zon-1,https://neuroglancer-demo.appspot.com#!https://cellmap-vm1.int.janelia.org/nrs/ackermand/crop_check_updated_20241211/viewer_states/jrc_mus-liver-zon-1/crop272.json
crop273,jrc_mus-liver-zon-1,https://neuroglancer-demo.appspot.com#!https://cellmap-vm1.int.janelia.org/nrs/ackermand/crop_check_updated_20241211/viewer_states/jrc_mus-liver-zon-1/crop273.json
crop274,jrc_mus-liver-zon-1,https://neuroglancer-demo.appspot.com#!https://cellmap-vm1.int.janelia.org/nrs/ackermand/crop_check_updated_20241211/viewer_states/jrc_mus-liver-zon-1/crop274.json
crop275,jrc_mus-liver-zon-1,https://neuroglancer-demo.appspot.com#!https://cellmap-vm1.int.janelia.org/nrs/ackermand/crop_check_updated_20241211/viewer_states/jrc_mus-liver-zon-1/crop275.json
crop276,jrc_mus-liver-zon-1,https://neuroglancer-demo.appspot.com#!https://cellmap-vm1.int.janelia.org/nrs/ackermand/crop_check_updated_20241211/viewer_states/jrc_mus-liver-zon-1/crop276.json
crop277,jrc_mus-liver-zon-1,https://neuroglancer-demo.appspot.com#!https://cellmap-vm1.int.janelia.org/nrs/ackermand/crop_check_updated_20241211/viewer_states/jrc_mus-liver-zon-1/crop277.json
crop278,jrc_mus-liver-zon-1,https://neuroglancer-demo.appspot.com#!https://cellmap-vm1.int.janelia.org/nrs/ackermand/crop_check_updated_20241211/viewer_states/jrc_mus-liver-zon-1/crop278.json
crop279,jrc_mus-liver-zon-1,https://neuroglancer-demo.appspot.com#!https://cellmap-vm1.int.janelia.org/nrs/ackermand/crop_check_updated_20241211/viewer_states/jrc_mus-liver-zon-1/crop279.json
crop280,jrc_mus-liver-zon-1,https://neuroglancer-demo.appspot.com#!https://cellmap-vm1.int.janelia.org/nrs/ackermand/crop_check_updated_20241211/viewer_states/jrc_mus-liver-zon-1/crop280.json
crop282,jrc_mus-liver-zon-1,https://neuroglancer-demo.appspot.com#!https://cellmap-vm1.int.janelia.org/nrs/ackermand/crop_check_updated_20241211/viewer_states/jrc_mus-liver-zon-1/crop282.json
crop289,jrc_mus-liver-zon-1,https://neuroglancer-demo.appspot.com#!https://cellmap-vm1.int.janelia.org/nrs/ackermand/crop_check_updated_20241211/viewer_states/jrc_mus-liver-zon-1/crop289.json
crop298,jrc_mus-liver-zon-1,https://neuroglancer-demo.appspot.com#!https://cellmap-vm1.int.janelia.org/nrs/ackermand/crop_check_updated_20241211/viewer_states/jrc_mus-liver-zon-1/crop298.json
crop313,jrc_mus-liver-zon-1,https://neuroglancer-demo.appspot.com#!https://cellmap-vm1.int.janelia.org/nrs/ackermand/crop_check_updated_20241211/viewer_states/jrc_mus-liver-zon-1/crop313.json
crop319,jrc_mus-liver-zon-1,https://neuroglancer-demo.appspot.com#!https://cellmap-vm1.int.janelia.org/nrs/ackermand/crop_check_updated_20241211/viewer_states/jrc_mus-liver-zon-1/crop319.json
crop320,jrc_mus-liver-zon-1,https://neuroglancer-demo.appspot.com#!https://cellmap-vm1.int.janelia.org/nrs/ackermand/crop_check_updated_20241211/viewer_states/jrc_mus-liver-zon-1/crop320.json
crop321,jrc_mus-liver-zon-1,https://neuroglancer-demo.appspot.com#!https://cellmap-vm1.int.janelia.org/nrs/ackermand/crop_check_updated_20241211/viewer_states/jrc_mus-liver-zon-1/crop321.json
crop322,jrc_mus-liver-zon-1,https://neuroglancer-demo.appspot.com#!https://cellmap-vm1.int.janelia.org/nrs/ackermand/crop_check_updated_20241211/viewer_states/jrc_mus-liver-zon-1/crop322.json
crop323,jrc_mus-liver-zon-1,https://neuroglancer-demo.appspot.com#!https://cellmap-vm1.int.janelia.org/nrs/ackermand/crop_check_updated_20241211/viewer_states/jrc_mus-liver-zon-1/crop323.json
crop324,jrc_mus-liver-zon-1,https://neuroglancer-demo.appspot.com#!https://cellmap-vm1.int.janelia.org/nrs/ackermand/crop_check_updated_20241211/viewer_states/jrc_mus-liver-zon-1/crop324.json
crop325,jrc_mus-liver-zon-1,https://neuroglancer-demo.appspot.com#!https://cellmap-vm1.int.janelia.org/nrs/ackermand/crop_check_updated_20241211/viewer_states/jrc_mus-liver-zon-1/crop325.json
crop326,jrc_mus-liver-zon-1,https://neuroglancer-demo.appspot.com#!https://cellmap-vm1.int.janelia.org/nrs/ackermand/crop_check_updated_20241211/viewer_states/jrc_mus-liver-zon-1/crop326.json
crop329,jrc_mus-liver-zon-1,https://neuroglancer-demo.appspot.com#!https://cellmap-vm1.int.janelia.org/nrs/ackermand/crop_check_updated_20241211/viewer_states/jrc_mus-liver-zon-1/crop329.json
crop336,jrc_mus-liver-zon-1,https://neuroglancer-demo.appspot.com#!https://cellmap-vm1.int.janelia.org/nrs/ackermand/crop_check_updated_20241211/viewer_states/jrc_mus-liver-zon-1/crop336.json
crop337,jrc_mus-liver-zon-1,https://neuroglancer-demo.appspot.com#!https://cellmap-vm1.int.janelia.org/nrs/ackermand/crop_check_updated_20241211/viewer_states/jrc_mus-liver-zon-1/crop337.json
crop345,jrc_mus-liver-zon-1,https://neuroglancer-demo.appspot.com#!https://cellmap-vm1.int.janelia.org/nrs/ackermand/crop_check_updated_20241211/viewer_states/jrc_mus-liver-zon-1/crop345.json
crop346,jrc_mus-liver-zon-1,https://neuroglancer-demo.appspot.com#!https://cellmap-vm1.int.janelia.org/nrs/ackermand/crop_check_updated_20241211/viewer_states/jrc_mus-liver-zon-1/crop346.json
crop347,jrc_mus-liver-zon-1,https://neuroglancer-demo.appspot.com#!https://cellmap-vm1.int.janelia.org/nrs/ackermand/crop_check_updated_20241211/viewer_states/jrc_mus-liver-zon-1/crop347.json
crop348,jrc_mus-liver-zon-1,https://neuroglancer-demo.appspot.com#!https://cellmap-vm1.int.janelia.org/nrs/ackermand/crop_check_updated_20241211/viewer_states/jrc_mus-liver-zon-1/crop348.json
crop349,jrc_mus-liver-zon-1,https://neuroglancer-demo.appspot.com#!https://cellmap-vm1.int.janelia.org/nrs/ackermand/crop_check_updated_20241211/viewer_states/jrc_mus-liver-zon-1/crop349.json
crop351,jrc_mus-liver-zon-1,https://neuroglancer-demo.appspot.com#!https://cellmap-vm1.int.janelia.org/nrs/ackermand/crop_check_updated_20241211/viewer_states/jrc_mus-liver-zon-1/crop351.json
crop377,jrc_mus-liver-zon-1,https://neuroglancer-demo.appspot.com#!https://cellmap-vm1.int.janelia.org/nrs/ackermand/crop_check_updated_20241211/viewer_states/jrc_mus-liver-zon-1/crop377.json
crop386,jrc_mus-liver-zon-1,https://neuroglancer-demo.appspot.com#!https://cellmap-vm1.int.janelia.org/nrs/ackermand/crop_check_updated_20241211/viewer_states/jrc_mus-liver-zon-1/crop386.json
crop407,jrc_mus-liver-zon-1,https://neuroglancer-demo.appspot.com#!https://cellmap-vm1.int.janelia.org/nrs/ackermand/crop_check_updated_20241211/viewer_states/jrc_mus-liver-zon-1/crop407.json
crop410,jrc_mus-liver-zon-1,https://neuroglancer-demo.appspot.com#!https://cellmap-vm1.int.janelia.org/nrs/ackermand/crop_check_updated_20241211/viewer_states/jrc_mus-liver-zon-1/crop410.json
crop411,jrc_mus-liver-zon-1,https://neuroglancer-demo.appspot.com#!https://cellmap-vm1.int.janelia.org/nrs/ackermand/crop_check_updated_20241211/viewer_states/jrc_mus-liver-zon-1/crop411.json
crop412,jrc_mus-liver-zon-1,https://neuroglancer-demo.appspot.com#!https://cellmap-vm1.int.janelia.org/nrs/ackermand/crop_check_updated_20241211/viewer_states/jrc_mus-liver-zon-1/crop412.json
crop413,jrc_mus-liver-zon-1,https://neuroglancer-demo.appspot.com#!https://cellmap-vm1.int.janelia.org/nrs/ackermand/crop_check_updated_20241211/viewer_states/jrc_mus-liver-zon-1/crop413.json
crop333,jrc_mus-liver-zon-2,https://neuroglancer-demo.appspot.com#!https://cellmap-vm1.int.janelia.org/nrs/ackermand/crop_check_updated_20241211/viewer_states/jrc_mus-liver-zon-2/crop333.json
crop340,jrc_mus-liver-zon-2,https://neuroglancer-demo.appspot.com#!https://cellmap-vm1.int.janelia.org/nrs/ackermand/crop_check_updated_20241211/viewer_states/jrc_mus-liver-zon-2/crop340.json
crop341,jrc_mus-liver-zon-2,https://neuroglancer-demo.appspot.com#!https://cellmap-vm1.int.janelia.org/nrs/ackermand/crop_check_updated_20241211/viewer_states/jrc_mus-liver-zon-2/crop341.json
crop342,jrc_mus-liver-zon-2,https://neuroglancer-demo.appspot.com#!https://cellmap-vm1.int.janelia.org/nrs/ackermand/crop_check_updated_20241211/viewer_states/jrc_mus-liver-zon-2/crop342.json
crop353,jrc_mus-liver-zon-2,https://neuroglancer-demo.appspot.com#!https://cellmap-vm1.int.janelia.org/nrs/ackermand/crop_check_updated_20241211/viewer_states/jrc_mus-liver-zon-2/crop353.json
crop354,jrc_mus-liver-zon-2,https://neuroglancer-demo.appspot.com#!https://cellmap-vm1.int.janelia.org/nrs/ackermand/crop_check_updated_20241211/viewer_states/jrc_mus-liver-zon-2/crop354.json
crop355,jrc_mus-liver-zon-2,https://neuroglancer-demo.appspot.com#!https://cellmap-vm1.int.janelia.org/nrs/ackermand/crop_check_updated_20241211/viewer_states/jrc_mus-liver-zon-2/crop355.json
crop356,jrc_mus-liver-zon-2,https://neuroglancer-demo.appspot.com#!https://cellmap-vm1.int.janelia.org/nrs/ackermand/crop_check_updated_20241211/viewer_states/jrc_mus-liver-zon-2/crop356.json
crop357,jrc_mus-liver-zon-2,https://neuroglancer-demo.appspot.com#!https://cellmap-vm1.int.janelia.org/nrs/ackermand/crop_check_updated_20241211/viewer_states/jrc_mus-liver-zon-2/crop357.json
crop358,jrc_mus-liver-zon-2,https://neuroglancer-demo.appspot.com#!https://cellmap-vm1.int.janelia.org/nrs/ackermand/crop_check_updated_20241211/viewer_states/jrc_mus-liver-zon-2/crop358.json
crop362,jrc_mus-liver-zon-2,https://neuroglancer-demo.appspot.com#!https://cellmap-vm1.int.janelia.org/nrs/ackermand/crop_check_updated_20241211/viewer_states/jrc_mus-liver-zon-2/crop362.json
crop366,jrc_mus-liver-zon-2,https://neuroglancer-demo.appspot.com#!https://cellmap-vm1.int.janelia.org/nrs/ackermand/crop_check_updated_20241211/viewer_states/jrc_mus-liver-zon-2/crop366.json
crop367,jrc_mus-liver-zon-2,https://neuroglancer-demo.appspot.com#!https://cellmap-vm1.int.janelia.org/nrs/ackermand/crop_check_updated_20241211/viewer_states/jrc_mus-liver-zon-2/crop367.json
crop368,jrc_mus-liver-zon-2,https://neuroglancer-demo.appspot.com#!https://cellmap-vm1.int.janelia.org/nrs/ackermand/crop_check_updated_20241211/viewer_states/jrc_mus-liver-zon-2/crop368.json
crop369,jrc_mus-liver-zon-2,https://neuroglancer-demo.appspot.com#!https://cellmap-vm1.int.janelia.org/nrs/ackermand/crop_check_updated_20241211/viewer_states/jrc_mus-liver-zon-2/crop369.json
crop370,jrc_mus-liver-zon-2,https://neuroglancer-demo.appspot.com#!https://cellmap-vm1.int.janelia.org/nrs/ackermand/crop_check_updated_20241211/viewer_states/jrc_mus-liver-zon-2/crop370.json
crop376,jrc_mus-liver-zon-2,https://neuroglancer-demo.appspot.com#!https://cellmap-vm1.int.janelia.org/nrs/ackermand/crop_check_updated_20241211/viewer_states/jrc_mus-liver-zon-2/crop376.json
crop387,jrc_mus-liver-zon-2,https://neuroglancer-demo.appspot.com#!https://cellmap-vm1.int.janelia.org/nrs/ackermand/crop_check_updated_20241211/viewer_states/jrc_mus-liver-zon-2/crop387.json
crop408,jrc_mus-liver-zon-2,https://neuroglancer-demo.appspot.com#!https://cellmap-vm1.int.janelia.org/nrs/ackermand/crop_check_updated_20241211/viewer_states/jrc_mus-liver-zon-2/crop408.json
crop115,jrc_mus-nacc-1,https://neuroglancer-demo.appspot.com#!https://cellmap-vm1.int.janelia.org/nrs/ackermand/crop_check_updated_20241211/viewer_states/jrc_mus-nacc-1/crop115.json
crop20,jrc_sum159-1,https://neuroglancer-demo.appspot.com#!https://cellmap-vm1.int.janelia.org/nrs/ackermand/crop_check_updated_20241211/viewer_states/jrc_sum159-1/crop20.json
crop22,jrc_sum159-1,https://neuroglancer-demo.appspot.com#!https://cellmap-vm1.int.janelia.org/nrs/ackermand/crop_check_updated_20241211/viewer_states/jrc_sum159-1/crop22.json
crop25,jrc_sum159-1,https://neuroglancer-demo.appspot.com#!https://cellmap-vm1.int.janelia.org/nrs/ackermand/crop_check_updated_20241211/viewer_states/jrc_sum159-1/crop25.json
crop26,jrc_sum159-1,https://neuroglancer-demo.appspot.com#!https://cellmap-vm1.int.janelia.org/nrs/ackermand/crop_check_updated_20241211/viewer_states/jrc_sum159-1/crop26.json
crop80,jrc_sum159-1,https://neuroglancer-demo.appspot.com#!https://cellmap-vm1.int.janelia.org/nrs/ackermand/crop_check_updated_20241211/viewer_states/jrc_sum159-1/crop80.json
crop81,jrc_sum159-1,https://neuroglancer-demo.appspot.com#!https://cellmap-vm1.int.janelia.org/nrs/ackermand/crop_check_updated_20241211/viewer_states/jrc_sum159-1/crop81.json
crop82,jrc_sum159-1,https://neuroglancer-demo.appspot.com#!https://cellmap-vm1.int.janelia.org/nrs/ackermand/crop_check_updated_20241211/viewer_states/jrc_sum159-1/crop82.json
crop83,jrc_sum159-1,https://neuroglancer-demo.appspot.com#!https://cellmap-vm1.int.janelia.org/nrs/ackermand/crop_check_updated_20241211/viewer_states/jrc_sum159-1/crop83.json
crop84,jrc_sum159-1,https://neuroglancer-demo.appspot.com#!https://cellmap-vm1.int.janelia.org/nrs/ackermand/crop_check_updated_20241211/viewer_states/jrc_sum159-1/crop84.json
crop97,jrc_sum159-1,https://neuroglancer-demo.appspot.com#!https://cellmap-vm1.int.janelia.org/nrs/ackermand/crop_check_updated_20241211/viewer_states/jrc_sum159-1/crop97.json
crop98,jrc_sum159-1,https://neuroglancer-demo.appspot.com#!https://cellmap-vm1.int.janelia.org/nrs/ackermand/crop_check_updated_20241211/viewer_states/jrc_sum159-1/crop98.json
crop99,jrc_sum159-1,https://neuroglancer-demo.appspot.com#!https://cellmap-vm1.int.janelia.org/nrs/ackermand/crop_check_updated_20241211/viewer_states/jrc_sum159-1/crop99.json
crop186,jrc_sum159-4,https://neuroglancer-demo.appspot.com#!https://cellmap-vm1.int.janelia.org/nrs/ackermand/crop_check_updated_20241211/viewer_states/jrc_sum159-4/crop186.json
crop187,jrc_sum159-4,https://neuroglancer-demo.appspot.com#!https://cellmap-vm1.int.janelia.org/nrs/ackermand/crop_check_updated_20241211/viewer_states/jrc_sum159-4/crop187.json
crop188,jrc_sum159-4,https://neuroglancer-demo.appspot.com#!https://cellmap-vm1.int.janelia.org/nrs/ackermand/crop_check_updated_20241211/viewer_states/jrc_sum159-4/crop188.json
crop189,jrc_sum159-4,https://neuroglancer-demo.appspot.com#!https://cellmap-vm1.int.janelia.org/nrs/ackermand/crop_check_updated_20241211/viewer_states/jrc_sum159-4/crop189.json
crop201,jrc_sum159-4,https://neuroglancer-demo.appspot.com#!https://cellmap-vm1.int.janelia.org/nrs/ackermand/crop_check_updated_20241211/viewer_states/jrc_sum159-4/crop201.json
crop202,jrc_sum159-4,https://neuroglancer-demo.appspot.com#!https://cellmap-vm1.int.janelia.org/nrs/ackermand/crop_check_updated_20241211/viewer_states/jrc_sum159-4/crop202.json
crop203,jrc_sum159-4,https://neuroglancer-demo.appspot.com#!https://cellmap-vm1.int.janelia.org/nrs/ackermand/crop_check_updated_20241211/viewer_states/jrc_sum159-4/crop203.json
crop206,jrc_sum159-4,https://neuroglancer-demo.appspot.com#!https://cellmap-vm1.int.janelia.org/nrs/ackermand/crop_check_updated_20241211/viewer_states/jrc_sum159-4/crop206.json
crop208,jrc_sum159-4,https://neuroglancer-demo.appspot.com#!https://cellmap-vm1.int.janelia.org/nrs/ackermand/crop_check_updated_20241211/viewer_states/jrc_sum159-4/crop208.json
crop209,jrc_sum159-4,https://neuroglancer-demo.appspot.com#!https://cellmap-vm1.int.janelia.org/nrs/ackermand/crop_check_updated_20241211/viewer_states/jrc_sum159-4/crop209.json
crop210,jrc_sum159-4,https://neuroglancer-demo.appspot.com#!https://cellmap-vm1.int.janelia.org/nrs/ackermand/crop_check_updated_20241211/viewer_states/jrc_sum159-4/crop210.json
crop211,jrc_sum159-4,https://neuroglancer-demo.appspot.com#!https://cellmap-vm1.int.janelia.org/nrs/ackermand/crop_check_updated_20241211/viewer_states/jrc_sum159-4/crop211.json
crop212,jrc_sum159-4,https://neuroglancer-demo.appspot.com#!https://cellmap-vm1.int.janelia.org/nrs/ackermand/crop_check_updated_20241211/viewer_states/jrc_sum159-4/crop212.json
crop213,jrc_sum159-4,https://neuroglancer-demo.appspot.com#!https://cellmap-vm1.int.janelia.org/nrs/ackermand/crop_check_updated_20241211/viewer_states/jrc_sum159-4/crop213.json
crop216,jrc_sum159-4,https://neuroglancer-demo.appspot.com#!https://cellmap-vm1.int.janelia.org/nrs/ackermand/crop_check_updated_20241211/viewer_states/jrc_sum159-4/crop216.json
crop217,jrc_sum159-4,https://neuroglancer-demo.appspot.com#!https://cellmap-vm1.int.janelia.org/nrs/ackermand/crop_check_updated_20241211/viewer_states/jrc_sum159-4/crop217.json
crop218,jrc_sum159-4,https://neuroglancer-demo.appspot.com#!https://cellmap-vm1.int.janelia.org/nrs/ackermand/crop_check_updated_20241211/viewer_states/jrc_sum159-4/crop218.json
crop219,jrc_sum159-4,https://neuroglancer-demo.appspot.com#!https://cellmap-vm1.int.janelia.org/nrs/ackermand/crop_check_updated_20241211/viewer_states/jrc_sum159-4/crop219.json
crop190,jrc_ut21-1413-003,https://neuroglancer-demo.appspot.com#!https://cellmap-vm1.int.janelia.org/nrs/ackermand/crop_check_updated_20241211/viewer_states/jrc_ut21-1413-003/crop190.json
crop191,jrc_ut21-1413-003,https://neuroglancer-demo.appspot.com#!https://cellmap-vm1.int.janelia.org/nrs/ackermand/crop_check_updated_20241211/viewer_states/jrc_ut21-1413-003/crop191.json
crop192,jrc_ut21-1413-003,https://neuroglancer-demo.appspot.com#!https://cellmap-vm1.int.janelia.org/nrs/ackermand/crop_check_updated_20241211/viewer_states/jrc_ut21-1413-003/crop192.json
crop193,jrc_ut21-1413-003,https://neuroglancer-demo.appspot.com#!https://cellmap-vm1.int.janelia.org/nrs/ackermand/crop_check_updated_20241211/viewer_states/jrc_ut21-1413-003/crop193.json
crop195,jrc_ut21-1413-003,https://neuroglancer-demo.appspot.com#!https://cellmap-vm1.int.janelia.org/nrs/ackermand/crop_check_updated_20241211/viewer_states/jrc_ut21-1413-003/crop195.json
crop196,jrc_ut21-1413-003,https://neuroglancer-demo.appspot.com#!https://cellmap-vm1.int.janelia.org/nrs/ackermand/crop_check_updated_20241211/viewer_states/jrc_ut21-1413-003/crop196.json
crop197,jrc_ut21-1413-003,https://neuroglancer-demo.appspot.com#!https://cellmap-vm1.int.janelia.org/nrs/ackermand/crop_check_updated_20241211/viewer_states/jrc_ut21-1413-003/crop197.json
crop198,jrc_ut21-1413-003,https://neuroglancer-demo.appspot.com#!https://cellmap-vm1.int.janelia.org/nrs/ackermand/crop_check_updated_20241211/viewer_states/jrc_ut21-1413-003/crop198.json
crop199,jrc_ut21-1413-003,https://neuroglancer-demo.appspot.com#!https://cellmap-vm1.int.janelia.org/nrs/ackermand/crop_check_updated_20241211/viewer_states/jrc_ut21-1413-003/crop199.json
crop200,jrc_ut21-1413-003,https://neuroglancer-demo.appspot.com#!https://cellmap-vm1.int.janelia.org/nrs/ackermand/crop_check_updated_20241211/viewer_states/jrc_ut21-1413-003/crop200.json
crop214,jrc_ut21-1413-003,https://neuroglancer-demo.appspot.com#!https://cellmap-vm1.int.janelia.org/nrs/ackermand/crop_check_updated_20241211/viewer_states/jrc_ut21-1413-003/crop214.json
crop220,jrc_ut21-1413-003,https://neuroglancer-demo.appspot.com#!https://cellmap-vm1.int.janelia.org/nrs/ackermand/crop_check_updated_20241211/viewer_states/jrc_ut21-1413-003/crop220.json
crop222,jrc_ut21-1413-003,https://neuroglancer-demo.appspot.com#!https://cellmap-vm1.int.janelia.org/nrs/ackermand/crop_check_updated_20241211/viewer_states/jrc_ut21-1413-003/crop222.json
crop224,jrc_ut21-1413-003,https://neuroglancer-demo.appspot.com#!https://cellmap-vm1.int.janelia.org/nrs/ackermand/crop_check_updated_20241211/viewer_states/jrc_ut21-1413-003/crop224.json
crop225,jrc_ut21-1413-003,https://neuroglancer-demo.appspot.com#!https://cellmap-vm1.int.janelia.org/nrs/ackermand/crop_check_updated_20241211/viewer_states/jrc_ut21-1413-003/crop225.json
crop226,jrc_ut21-1413-003,https://neuroglancer-demo.appspot.com#!https://cellmap-vm1.int.janelia.org/nrs/ackermand/crop_check_updated_20241211/viewer_states/jrc_ut21-1413-003/crop226.json
crop227,jrc_ut21-1413-003,https://neuroglancer-demo.appspot.com#!https://cellmap-vm1.int.janelia.org/nrs/ackermand/crop_check_updated_20241211/viewer_states/jrc_ut21-1413-003/crop227.json
crop228,jrc_ut21-1413-003,https://neuroglancer-demo.appspot.com#!https://cellmap-vm1.int.janelia.org/nrs/ackermand/crop_check_updated_20241211/viewer_states/jrc_ut21-1413-003/crop228.json
crop378,jrc_zf-cardiac-1,https://neuroglancer-demo.appspot.com#!https://cellmap-vm1.int.janelia.org/nrs/ackermand/crop_check_updated_20241211/viewer_states/jrc_zf-cardiac-1/crop378.json
crop379,jrc_zf-cardiac-1,https://neuroglancer-demo.appspot.com#!https://cellmap-vm1.int.janelia.org/nrs/ackermand/crop_check_updated_20241211/viewer_states/jrc_zf-cardiac-1/crop379.json
crop380,jrc_zf-cardiac-1,https://neuroglancer-demo.appspot.com#!https://cellmap-vm1.int.janelia.org/nrs/ackermand/crop_check_updated_20241211/viewer_states/jrc_zf-cardiac-1/crop380.json
crop381,jrc_zf-cardiac-1,https://neuroglancer-demo.appspot.com#!https://cellmap-vm1.int.janelia.org/nrs/ackermand/crop_check_updated_20241211/viewer_states/jrc_zf-cardiac-1/crop381.json
